"";"ï..Country.Name";"Indicator.Name";"Indicator.Code";"X2000";"X2001";"X2002";"X2003";"X2004";"X2005";"X2006";"X2007";"X2008";"X2009";"X2010"
"117";"Australia";"Female population 80+";"SP.POP.80UP.FE";356484;372714;389729;407476;424279;440111;454726;464549;479565;493448;503600
"122";"Australia";"Health expenditure, private (% of GDP)";"SH.XPD.PRIV.ZS";2,67863348399026;2,75768004331882;2,76977818501043;2,81232385001891;2,84942165140848;2,792444146459;2,83030335871122;2,7647540965227;2,85586505405223;2,85949994875751;2,88793765660665
"124";"Australia";"Health expenditure, public (% of GDP)";"SH.XPD.PUBL.ZS";5,39951166600973;5,42099865976707;5,62066014498957;5,50612733998109;5,72489888888071;5,661448483541;5,66088659128878;5,76587639494667;5,92763100804262;6,18655601124249;6,12733425339335
"129";"Australia";"Hospital beds (per 1,000 people)";"SH.MED.BEDS.ZS";7,8000001907;7,5999999046;4;NA;3,9;4;3,97;NA;NA;3,8;3,9
"195";"Australia";"Net migration";"SM.POP.NETM";NA;NA;575104;NA;NA;NA;NA;1132688;NA;NA;NA
"298";"Australia";"Public spending on education, total (% of GDP)";"SE.XPD.TOTL.GD.ZS";4,89465999603271;NA;NA;NA;NA;4,91266012191772;4,74493980407715;4,66115999221802;4,63529014587402;5,09262990951538;5,56894016265869
"304";"Australia";"Rural population (% of total population)";"SP.RUR.TOTL.ZS";12,835;12,622;12,459;12,305;12,151;12;11,85;11,702;11,555;11,41;11,267
"319";"Australia";"School enrollment, tertiary (% gross)";"SE.TER.ENRR";67,0389099121094;67,0050506591797;75,7524337768555;73,3942565917969;71,6984329223633;72,2919235229492;71,4829177856445;72,5199508666992;72,9185409545898;76,7653732299805;80,9170837402344
"332";"Australia";"Unemployment, female (% of female labor force)";"SL.UEM.TOTL.FE.ZS";6,09999990463257;6,5;6,19999980926514;5,90000009536743;5,5;5,19999980926514;4,90000009536743;4,80000019073486;4,5;5,40000009536743;5,30000019073486
"333";"Australia";"Unemployment, male (% of male labor force)";"SL.UEM.TOTL.MA.ZS";6,5;7;6,59999990463257;5,90000009536743;5,30000019073486;4,90000009536743;4,69999980926514;4,09999990463257;3,90000009536743;5,80000019073486;5,09999990463257
"334";"Australia";"Unemployment, total (% of total labor force)";"SL.UEM.TOTL.ZS";6,30000019073486;6,80000019073486;6,40000009536743;5,90000009536743;5,40000009536743;5;4,80000019073486;4,40000009536743;4,19999980926514;5,59999990463257;5,19999980926514
"337";"Australia";"Urban population (% of total)";"SP.URB.TOTL.IN.ZS";87,165;87,378;87,541;87,695;87,849;88;88,15;88,298;88,445;88,59;88,733
"462";"Austria";"Female population 80+";"SP.POP.80UP.FE";198425;207421;219520;232596;244290;253005;262267;269447;274536;277236;278041
"467";"Austria";"Health expenditure, private (% of GDP)";"SH.XPD.PRIV.ZS";2,5282007416989;2,61572178286744;2,66352492179091;2,74386020283731;2,76854608050578;2,6999962908032;2,61361494354416;2,62547432818314;2,60807305610013;2,72830770147133;2,76524121345952
"469";"Austria";"Health expenditure, public (% of GDP)";"SH.XPD.PUBL.ZS";7,53636652560457;7,50331422713256;7,60650834820909;7,73647976222815;7,79133645949423;7,83141883026931;7,73793278645584;7,77580259181686;7,9958568889069;8,46612960852866;8,40000694654048
"474";"Austria";"Hospital beds (per 1,000 people)";"SH.MED.BEDS.ZS";8,6999998093;8,6000003815;8,3999996185;8,3000001907;NA;7,7;7,6496;7,8;7,7;7,7;7,63
"540";"Austria";"Net migration";"SM.POP.NETM";NA;NA;178117;NA;NA;NA;NA;153763;NA;NA;NA
"643";"Austria";"Public spending on education, total (% of GDP)";"SE.XPD.TOTL.GD.ZS";5,59956979751587;5,58634996414185;5,53268003463745;5,38186979293823;5,3209400177002;5,2714900970459;5,25293016433716;5,1766300201416;5,29698991775513;5,76740980148315;5,72501993179321
"649";"Austria";"Rural population (% of total population)";"SP.RUR.TOTL.ZS";34,2;34,199;34,194;34,188;34,182;34,176;34,171;34,165;34,159;34,153;34,148
"664";"Austria";"School enrollment, tertiary (% gross)";"SE.TER.ENRR";56,5725784301758;56,8060417175293;46,5351600646973;46,4235191345215;47,2003898620605;47,7822418212891;49,413028717041;51,2285194396973;56,1499786376953;60,7165794372559;68,732177734375
"677";"Austria";"Unemployment, female (% of female labor force)";"SL.UEM.TOTL.FE.ZS";3,79999995231628;3,79999995231628;3,90000009536743;4,19999980926514;5,30000019073486;5,5;5,19999980926514;5;4,09999990463257;4,5;4,19999980926514
"678";"Austria";"Unemployment, male (% of male labor force)";"SL.UEM.TOTL.MA.ZS";3,29999995231628;3,40000009536743;4,09999990463257;4,40000009536743;4,5;4,90000009536743;4,30000019073486;3,90000009536743;3,59999990463257;5;4,59999990463257
"679";"Austria";"Unemployment, total (% of total labor force)";"SL.UEM.TOTL.ZS";3,5;3,59999990463257;4;4,30000019073486;4,90000009536743;5,19999980926514;4,69999980926514;4,40000009536743;3,79999995231628;4,80000019073486;4,40000009536743
"682";"Austria";"Urban population (% of total)";"SP.URB.TOTL.IN.ZS";65,8;65,801;65,806;65,812;65,818;65,824;65,829;65,835;65,841;65,847;65,852
"807";"Belgium";"Female population 80+";"SP.POP.80UP.FE";252508;262084;275458;290184;303279;313379;325561;336254;345453;353776;362592
"812";"Belgium";"Health expenditure, private (% of GDP)";"SH.XPD.PRIV.ZS";2,0622230660478;2,03923742060859;2,21725858025053;2,38550139871214;2,19316989713391;2,13153934071018;2,20875751571876;2,29913765113274;2,20167200396911;2,35051777636632;2,26893794396336
"814";"Belgium";"Health expenditure, public (% of GDP)";"SH.XPD.PUBL.ZS";6,0583742139522;6,2528146293914;6,24450896974947;6,91809655128785;7,12785709286609;7,11274822928982;6,96237045428124;6,95293676886726;7,39675444603089;8,04382236363368;7,89670272603664
"819";"Belgium";"Hospital beds (per 1,000 people)";"SH.MED.BEDS.ZS";7,0999999046;6,9000000954;6,9000000954;NA;NA;5,3;5,3;5,3;NA;6,6;6,5
"885";"Belgium";"Net migration";"SM.POP.NETM";NA;NA;247560;NA;NA;NA;NA;267204;NA;NA;NA
"988";"Belgium";"Public spending on education, total (% of GDP)";"SE.XPD.TOTL.GD.ZS";NA;5,84328985214233;5,947350025177;5,88477993011475;5,80695009231567;5,76900005340576;5,84036016464233;5,84903001785278;6,29138994216919;6,41535997390747;6,40798997879028
"994";"Belgium";"Rural population (% of total population)";"SP.RUR.TOTL.ZS";2,872;2,816;2,761;2,708;2,655;2,60299999999999;2,55200000000001;2,503;2,45399999999999;2,40600000000001;2,35899999999999
"1009";"Belgium";"School enrollment, tertiary (% gross)";"SE.TER.ENRR";57,5497817993164;58,2452697753906;59,116268157959;59,8647804260254;61,2480316162109;61,4042015075684;61,9588584899902;61,3497695922852;62,1021690368652;65,1981430053711;67,7109222412109
"1022";"Belgium";"Unemployment, female (% of female labor force)";"SL.UEM.TOTL.FE.ZS";8,30000019073486;6,90000009536743;8,60000038146973;8,89999961853027;9,5;9,5;9,30000019073486;8,5;7,59999990463257;8,10000038146973;8,5
"1023";"Belgium";"Unemployment, male (% of male labor force)";"SL.UEM.TOTL.MA.ZS";5,30000019073486;5,69999980926514;6,59999990463257;7,69999980926514;7,5;7,59999990463257;7,30000019073486;6,69999980926514;6,5;7,69999980926514;8,10000038146973
"1024";"Belgium";"Unemployment, total (% of total labor force)";"SL.UEM.TOTL.ZS";6,59999990463257;6,19999980926514;7,5;8,19999980926514;8,39999961853027;8,39999961853027;8,19999980926514;7,5;7;7,90000009536743;8,30000019073486
"1027";"Belgium";"Urban population (% of total)";"SP.URB.TOTL.IN.ZS";97,128;97,184;97,239;97,292;97,345;97,397;97,448;97,497;97,546;97,594;97,641
"1152";"Canada";"Female population 80+";"SP.POP.80UP.FE";596413;622403;648847;676453;703126;727482;750000;772686;795424;817746;838797
"1157";"Canada";"Health expenditure, private (% of GDP)";"SH.XPD.PRIV.ZS";2,5701349615871;2,73096452929352;2,8556552121123;2,8460712670145;2,8360369515087;2,84903931357858;2,96236830131177;2,94138264331949;2,96801334733526;3,25893434431959;3,31673658813859
"1159";"Canada";"Health expenditure, public (% of GDP)";"SH.XPD.PUBL.ZS";6,0984267584129;6,36490468070647;6,51430574632066;6,6942436429855;6,71990198613605;6,72355952642142;6,78840782283776;6,89350135864749;7,06345385166159;7,91415821232848;7,88439633962119
"1164";"Canada";"Hospital beds (per 1,000 people)";"SH.MED.BEDS.ZS";3,4;3,7000000477;3,7000000477;3,6;NA;3,4;3,4;NA;3,4;3,2;2,7
"1230";"Canada";"Net migration";"SM.POP.NETM";NA;NA;1026702;NA;NA;NA;NA;1229905;NA;NA;NA
"1333";"Canada";"Public spending on education, total (% of GDP)";"SE.XPD.TOTL.GD.ZS";5,45617008209229;4,98862981796265;5,03578996658325;NA;NA;4,80466985702515;NA;4,79735994338989;4,66087007522583;4,87313985824585;5,37115001678467
"1339";"Canada";"Rural population (% of total population)";"SP.RUR.TOTL.ZS";20,522;20,19;20,112;20,033;19,955;19,878;19,787;19,604;19,422;19,242;19,063
"1354";"Canada";"School enrollment, tertiary (% gross)";"SE.TER.ENRR";58,8835906982422;NA;NA;NA;NA;NA;NA;NA;NA;NA;NA
"1367";"Canada";"Unemployment, female (% of female labor force)";"SL.UEM.TOTL.FE.ZS";6,69999980926514;6,80000019073486;7,09999990463257;7,19999980926514;6,90000009536743;6,40000009536743;6,09999990463257;5,59999990463257;5,59999990463257;7;7,19999980926514
"1368";"Canada";"Unemployment, male (% of male labor force)";"SL.UEM.TOTL.MA.ZS";6,90000009536743;7,5;8,19999980926514;8;7,5;7;6,5;6,40000009536743;6,5;9,5;8,69999980926514
"1369";"Canada";"Unemployment, total (% of total labor force)";"SL.UEM.TOTL.ZS";6,80000019073486;7,19999980926514;7,69999980926514;7,59999990463257;7,19999980926514;6,69999980926514;6,30000019073486;6;6,09999990463257;8,30000019073486;8
"1372";"Canada";"Urban population (% of total)";"SP.URB.TOTL.IN.ZS";79,478;79,81;79,888;79,967;80,045;80,122;80,213;80,396;80,578;80,758;80,937
"1497";"Chile";"Female population 80+";"SP.POP.80UP.FE";156888;164595;172263;180020;188044;196502;207017;217949;229230;240722;252333
"1502";"Chile";"Health expenditure, private (% of GDP)";"SH.XPD.PRIV.ZS";4,58689999207099;4,60165072046167;4,59337842053226;4,65189386871636;4,29578900999865;4,15490472628734;3,66345901276647;3,68958906101972;3,92576488153439;3,92442616864445;3,67368030886575
"1504";"Chile";"Health expenditure, public (% of GDP)";"SH.XPD.PUBL.ZS";3,33206176722937;3,4845421577874;3,52989088115513;2,68754976128364;2,63814344000135;2,53629152371266;2,51761734723353;2,65565625834576;2,94258871846561;3,46810215135554;3,29492563183112
"1509";"Chile";"Hospital beds (per 1,000 people)";"SH.MED.BEDS.ZS";NA;NA;2,5999999046;NA;2,4;2,3;2,3;NA;NA;2,1;2,1
"1575";"Chile";"Net migration";"SM.POP.NETM";NA;NA;93789;NA;NA;NA;NA;139345;NA;NA;NA
"1678";"Chile";"Public spending on education, total (% of GDP)";"SE.XPD.TOTL.GD.ZS";3,70598006248474;NA;4,00946998596191;3,85159993171692;3,488450050354;3,22508001327515;3,02380990982056;3,22353005409241;3,79268002510071;4,24129009246826;4,18120002746582
"1684";"Chile";"Rural population (% of total population)";"SP.RUR.TOTL.ZS";13,927;13,637;13,352;13,078;12,813;12,557;12,311;12,074;11,845;11,625;11,414
"1699";"Chile";"School enrollment, tertiary (% gross)";"SE.TER.ENRR";37,1474189758301;NA;41,748119354248;44,5942916870117;44,7578086853027;49,9946517944336;48,619499206543;54,3121490478516;57,2566909790039;61,8706016540527;69,6741104125977
"1712";"Chile";"Unemployment, female (% of female labor force)";"SL.UEM.TOTL.FE.ZS";10,1000003814697;9,69999980926514;9,60000038146973;9,69999980926514;10,5;9,80000019073486;9,39999961853027;8,60000038146973;9,60000038146973;10,8000001907349;9,60000038146973
"1713";"Chile";"Unemployment, male (% of male labor force)";"SL.UEM.TOTL.MA.ZS";8,80000019073486;8,80000019073486;8,60000038146973;7,90000009536743;7,90000009536743;7;6,69999980926514;6,30000019073486;6,69999980926514;9,10000038146973;7,09999990463257
"1714";"Chile";"Unemployment, total (% of total labor force)";"SL.UEM.TOTL.ZS";9,19999980926514;9,10000038146973;8,89999961853027;8,5;8,80000019073486;8;7,69999980926514;7,09999990463257;7,80000019073486;9,69999980926514;8,10000038146973
"1717";"Chile";"Urban population (% of total)";"SP.URB.TOTL.IN.ZS";86,073;86,363;86,648;86,922;87,187;87,443;87,689;87,926;88,155;88,375;88,586
"1842";"Czech Republic";"Female population 80+";"SP.POP.80UP.FE";159434;170545;184793;199634;211752;219766;231317;241280;249329;254576;257865
"1847";"Czech Republic";"Health expenditure, private (% of GDP)";"SH.XPD.PRIV.ZS";0,611227499450027;0,657285086393445;0,647548422475672;0,727342847842653;0,748971620290528;0,879898884678707;0,888294215597807;0,965712738740395;1,19011134677488;1,27574112221986;1,20696223039958
"1849";"Czech Republic";"Health expenditure, public (% of GDP)";"SH.XPD.PUBL.ZS";5,70253492054997;5,76490275360656;6,14983466752433;6,40447404215735;6,15449696970947;6,05404437532129;5,80540881440219;5,5566262612596;5,62878442322512;6,56965402778014;6,22493666960043
"1854";"Czech Republic";"Hospital beds (per 1,000 people)";"SH.MED.BEDS.ZS";8,8000001907;8,8000001907;8,8000001907;8,8000001907;NA;8,4;8,4;8,1;7,2;7,1;7,01
"1920";"Czech Republic";"Net migration";"SM.POP.NETM";NA;NA;47402;NA;NA;NA;NA;250889;NA;NA;NA
"2023";"Czech Republic";"Public spending on education, total (% of GDP)";"SE.XPD.TOTL.GD.ZS";3,66129994392395;3,75678992271423;3,98298001289368;4,15005016326904;4,02052021026611;3,89868998527527;4,22391986846924;3,875;3,75272989273071;4,18040990829468;4,07352018356323
"2029";"Czech Republic";"Rural population (% of total population)";"SP.RUR.TOTL.ZS";26,012;26,123;26,191;26,26;26,329;26,398;26,467;26,537;26,606;26,676;26,745
"2044";"Czech Republic";"School enrollment, tertiary (% gross)";"SE.TER.ENRR";28,4217700958252;30,0519504547119;34,5216484069824;37,0924110412598;43,8250007629395;48,4405899047852;50,2210884094238;54,2568092346191;58,1414108276367;61,1472587585449;64,0189819335938
"2057";"Czech Republic";"Unemployment, female (% of female labor force)";"SL.UEM.TOTL.FE.ZS";10,6000003814697;9,80000019073486;9;9,89999961853027;9,89999961853027;9,80000019073486;8,80000019073486;6,69999980926514;5,59999990463257;7,80000019073486;8,5
"2058";"Czech Republic";"Unemployment, male (% of male labor force)";"SL.UEM.TOTL.MA.ZS";7,40000009536743;6,80000019073486;5,90000009536743;6,09999990463257;7;6,40000009536743;5,80000019073486;4,19999980926514;3,5;5,90000009536743;6,40000009536743
"2059";"Czech Republic";"Unemployment, total (% of total labor force)";"SL.UEM.TOTL.ZS";8,80000019073486;8,10000038146973;7,30000019073486;7,80000019073486;8,30000019073486;7,90000009536743;7,09999990463257;5,30000019073486;4,40000009536743;6,69999980926514;7,30000019073486
"2062";"Czech Republic";"Urban population (% of total)";"SP.URB.TOTL.IN.ZS";73,988;73,877;73,809;73,74;73,671;73,602;73,533;73,463;73,394;73,324;73,255
"2187";"Denmark";"Female population 80+";"SP.POP.80UP.FE";143083;145587;147618;148967;149354;148660;149870;150549;150832;150447;149389
"2192";"Denmark";"Health expenditure, private (% of GDP)";"SH.XPD.PRIV.ZS";1,40390413037911;1,43964073442238;1,44783742322308;1,46949108583372;1,52205049887417;1,51670563637963;1,524767122646;1,5582823670571;1,56181551890196;1,71607229717038;1,64802042694703
"2194";"Denmark";"Health expenditure, public (% of GDP)";"SH.XPD.PUBL.ZS";7,29518540962089;7,66053888557762;7,88505008677691;8,03990036416628;8,15281889112583;8,25325496362037;8,399549167354;8,4290116429429;8,62121482109804;9,75612539282962;9,43381754305297
"2199";"Denmark";"Hospital beds (per 1,000 people)";"SH.MED.BEDS.ZS";4,3000001907;4,1999998093;4,0999999046;4;3,8225;NA;NA;3,5;3,6;3,5;3,5
"2265";"Denmark";"Net migration";"SM.POP.NETM";NA;NA;46306;NA;NA;NA;NA;87989;NA;NA;NA
"2368";"Denmark";"Public spending on education, total (% of GDP)";"SE.XPD.TOTL.GD.ZS";8,08434963226318;8,21541976928711;8,21304035186768;8,12193965911865;8,21189022064209;8,08273983001709;7,72783994674683;7,6137900352478;7,49235010147095;8,48797988891602;8,61797046661377
"2374";"Denmark";"Rural population (% of total population)";"SP.RUR.TOTL.ZS";14,9;14,85;14,75;14,64;14,434;14,144;13,902;13,707;13,513;13,346;13,205
"2389";"Denmark";"School enrollment, tertiary (% gross)";"SE.TER.ENRR";57,2492980957031;60,0282592773438;63,5342712402344;67,5345611572266;74,4365692138672;80,4234924316406;79,06494140625;78,5848922729492;75,7034378051758;74,3009414672852;73,6196517944336
"2402";"Denmark";"Unemployment, female (% of female labor force)";"SL.UEM.TOTL.FE.ZS";5;4,80000019073486;5;6,09999990463257;6;5,19999980926514;4,5;4,19999980926514;3,70000004768372;5,30000019073486;6,5
"2403";"Denmark";"Unemployment, male (% of male labor force)";"SL.UEM.TOTL.MA.ZS";4,09999990463257;3,70000004768372;4,30000019073486;4,80000019073486;5,09999990463257;4,40000009536743;3,29999995231628;3,40000009536743;3,09999990463257;6,59999990463257;8,39999961853027
"2404";"Denmark";"Unemployment, total (% of total labor force)";"SL.UEM.TOTL.ZS";4,5;4,19999980926514;4,59999990463257;5,40000009536743;5,5;4,80000019073486;3,90000009536743;3,79999995231628;3,40000009536743;6;7,5
"2407";"Denmark";"Urban population (% of total)";"SP.URB.TOTL.IN.ZS";85,1;85,15;85,25;85,36;85,566;85,856;86,098;86,293;86,487;86,654;86,795
"2532";"Estonia";"Female population 80+";"SP.POP.80UP.FE";27951;29012;30224;31488;32678;33715;35721;37809;39820;41529;42857
"2537";"Estonia";"Health expenditure, private (% of GDP)";"SH.XPD.PRIV.ZS";1,18926544407394;1,03637641143381;1,10835754224341;1,14067973364817;1,23158828768451;1,15488287715291;1,31111807704291;1,20121583212904;1,25042027122866;1,44620063837331;1,26548133469457
"2539";"Estonia";"Health expenditure, public (% of GDP)";"SH.XPD.PUBL.ZS";4,07551483357684;3,81748706360849;3,7357258577566;3,77500916844364;3,87711768323315;3,85004155760859;3,67354921199385;3,89924275098823;4,71242341161883;5,21671676250295;4,92734680044662
"2544";"Estonia";"Hospital beds (per 1,000 people)";"SH.MED.BEDS.ZS";7,1799998283;6,7199997902;6;NA;5,8;NA;5,6;5,6;5,7;5,4;5,33
"2610";"Estonia";"Net migration";"SM.POP.NETM";NA;NA;-18406;NA;NA;NA;NA;-15151;NA;NA;NA
"2713";"Estonia";"Public spending on education, total (% of GDP)";"SE.XPD.TOTL.GD.ZS";5,3402099609375;5,23648023605347;5,46867990493774;5,29462003707886;4,91180992126465;4,84485006332397;NA;4,66395998001099;5,51750993728638;5,95415019989014;5,52626991271973
"2719";"Estonia";"Rural population (% of total population)";"SP.RUR.TOTL.ZS";30,632;30,758;30,884;31,011;31,138;31,265;31,393;31,521;31,649;31,777;31,906
"2734";"Estonia";"School enrollment, tertiary (% gross)";"SE.TER.ENRR";54,5435104370117;58,6614418029785;61,5340881347656;64,3951721191406;66,182502746582;67,9141693115234;67,8659133911133;67,6700668334961;66,4431381225586;66,6371078491211;68,1885604858398
"2747";"Estonia";"Unemployment, female (% of female labor force)";"SL.UEM.TOTL.FE.ZS";11,5;13,1000003814697;8,5;10,3999996185303;8,69999980926514;7;5,59999990463257;3,90000009536743;5,30000019073486;10,6000003814697;14,3000001907349
"2748";"Estonia";"Unemployment, male (% of male labor force)";"SL.UEM.TOTL.MA.ZS";14,6000003814697;11,6999998092651;10,3000001907349;11;11,3000001907349;8,80000019073486;6,19999980926514;5,5;5,69999980926514;16,8999996185303;19,5
"2749";"Estonia";"Unemployment, total (% of total labor force)";"SL.UEM.TOTL.ZS";13,1000003814697;12,3999996185303;9,39999961853027;10,6999998092651;10;7,90000009536743;5,90000009536743;4,69999980926514;5,5;13,8000001907349;16,8999996185303
"2752";"Estonia";"Urban population (% of total)";"SP.URB.TOTL.IN.ZS";69,368;69,242;69,116;68,989;68,862;68,735;68,607;68,479;68,351;68,223;68,094
"2877";"Finland";"Female population 80+";"SP.POP.80UP.FE";126759;131177;135667;140122;144371;148232;153880;159383;164560;169069;172755
"2882";"Finland";"Health expenditure, private (% of GDP)";"SH.XPD.PRIV.ZS";2,0745836072811;2,08139696171306;2,15066851812722;2,21896290238141;2,19225802279342;2,2075996156197;2,10213669975297;2,06162258732187;2,1003494370174;2,30677828077557;2,30658976966446
"2884";"Finland";"Health expenditure, public (% of GDP)";"SH.XPD.PUBL.ZS";5,1444641627189;5,34361308828694;5,65716003187278;5,9322325176186;6,01726610288277;6,2218654743803;6,27918843024703;6,03173102267813;6,2538219429826;6,89682278922443;6,73883183033554
"2889";"Finland";"Hospital beds (per 1,000 people)";"SH.MED.BEDS.ZS";7,5;NA;NA;7,1999998093;NA;7;7;6,8;6,5;6,2;5,85
"2955";"Finland";"Net migration";"SM.POP.NETM";NA;NA;31935;NA;NA;NA;NA;71143;NA;NA;NA
"3058";"Finland";"Public spending on education, total (% of GDP)";"SE.XPD.TOTL.GD.ZS";5,71687984466553;5,8479700088501;6,02477979660034;6,17476987838745;6,16849994659424;6,03605985641479;5,93809986114502;5,68608999252319;5,8467698097229;6,48517990112305;6,54070997238159
"3064";"Finland";"Rural population (% of total population)";"SP.RUR.TOTL.ZS";17,817;17,632;17,497;17,362;17,228;17,095;16,963;16,832;16,701;16,571;16,442
"3079";"Finland";"School enrollment, tertiary (% gross)";"SE.TER.ENRR";82,4390716552734;84,4305267333984;84,9593505859375;87,0768814086914;89,6636123657227;91,8286437988281;93,2876815795898;93,9779434204102;95,074462890625;91,8294982910156;94,119140625
"3092";"Finland";"Unemployment, female (% of female labor force)";"SL.UEM.TOTL.FE.ZS";10,5;9,69999980926514;9,10000038146973;8,89999961853027;9;8,69999980926514;8;7,19999980926514;6,69999980926514;7,5;7,69999980926514
"3093";"Finland";"Unemployment, male (% of male labor force)";"SL.UEM.TOTL.MA.ZS";9;8,5;8,89999961853027;9,10000038146973;8,60000038146973;8,10000038146973;7,19999980926514;6,40000009536743;5,90000009536743;8,80000019073486;9
"3094";"Finland";"Unemployment, total (% of total labor force)";"SL.UEM.TOTL.ZS";9,69999980926514;9,10000038146973;9;9;8,80000019073486;8,39999961853027;7,59999990463257;6,80000019073486;6,30000019073486;8,19999980926514;8,39999961853027
"3097";"Finland";"Urban population (% of total)";"SP.URB.TOTL.IN.ZS";82,183;82,368;82,503;82,638;82,772;82,905;83,037;83,168;83,299;83,429;83,558
"3222";"France";"Female population 80+";"SP.POP.80UP.FE";1490098;1546307;1635995;1745004;1850828;1939014;2027532;2108158;2177413;2239684;2304352
"3227";"France";"Health expenditure, private (% of GDP)";"SH.XPD.PRIV.ZS";2,01504810722535;2,03823636597154;2,07865409559836;2,30050329218967;2,32831756038974;2,33354897143397;2,35603692722053;2,33070041101123;2,40053264047596;2,53407049991684;2,518114377666
"3229";"France";"Health expenditure, public (% of GDP)";"SH.XPD.PUBL.ZS";7,75949957277465;7,84866657402846;8,14165389440164;8,12782087781033;8,20640926961026;8,2663371722061;8,17318340277947;8,11828779376427;8,16933745952404;8,74652319008317;8,6791049579326
"3234";"France";"Hospital beds (per 1,000 people)";"SH.MED.BEDS.ZS";8,1000003815;8;7,9000000954;7,6999998093;7,5;7,2754;7,2;NA;7,1;6,9;6,64
"3300";"France";"Net migration";"SM.POP.NETM";NA;NA;739395;NA;NA;NA;NA;480787;NA;NA;NA
"3403";"France";"Public spending on education, total (% of GDP)";"SE.XPD.TOTL.GD.ZS";5,51673984527588;5,4170298576355;5,40916013717651;5,72293996810913;5,63702011108398;5,49981021881104;5,44211006164551;5,44518995285034;5,44402980804443;5,73848009109497;5,68342018127441
"3409";"France";"Rural population (% of total population)";"SP.RUR.TOTL.ZS";24,129;23,873;23,62;23,368;23,117;22,87;22,623;22,379;22,136;21,894;21,655
"3424";"France";"School enrollment, tertiary (% gross)";"SE.TER.ENRR";54,4287605285645;54,3713607788086;53,379508972168;54,8166618347168;55,2183609008789;55,4388084411621;55,4760894775391;54,8225402832031;54,5199089050293;54,9387092590332;57,1270790100098
"3437";"France";"Unemployment, female (% of female labor force)";"SL.UEM.TOTL.FE.ZS";12,1999998092651;10,5;9,80000019073486;9,60000038146973;10,3000001907349;9,89999961853027;9,60000038146973;8,5;7,90000009536743;9,30000019073486;9,69999980926514
"3438";"France";"Unemployment, male (% of male labor force)";"SL.UEM.TOTL.MA.ZS";8,60000038146973;7;7,80000019073486;7,69999980926514;8,30000019073486;8,10000038146973;8,10000038146973;7,5;6,90000009536743;8,89999961853027;9
"3439";"France";"Unemployment, total (% of total labor force)";"SL.UEM.TOTL.ZS";10,1999998092651;8,60000038146973;8,69999980926514;8,60000038146973;9,19999980926514;8,89999961853027;8,80000019073486;8;7,40000009536743;9,10000038146973;9,30000019073486
"3442";"France";"Urban population (% of total)";"SP.URB.TOTL.IN.ZS";75,871;76,127;76,38;76,632;76,883;77,13;77,377;77,621;77,864;78,106;78,345
"3567";"Germany";"Female population 80+";"SP.POP.80UP.FE";2161473;2225078;2316098;2416900;2504448;2566292;2653608;2734098;2796846;2834027;2853363
"3572";"Germany";"Health expenditure, private (% of GDP)";"SH.XPD.PRIV.ZS";2,10439030706796;2,12032937993691;2,21831448135483;2,32635760830781;2,45104861213731;2,5108437706719;2,48248198010341;2,44788578936702;2,49072895767208;2,69339262134376;2,67582924388834
"3574";"Germany";"Health expenditure, public (% of GDP)";"SH.XPD.PUBL.ZS";7,99875264293204;8,03376379006309;8,18158774864517;8,2893859678395;7,9198192578627;8,0067018393281;7,85851874989659;7,73251951063298;7,90173866232793;8,70986228865624;8,57573079611166
"3579";"Germany";"Hospital beds (per 1,000 people)";"SH.MED.BEDS.ZS";9,1000003815;9;8,8999996185;NA;NA;8,4;8,3;NA;8,2;8,2;8,25
"3645";"Germany";"Net migration";"SM.POP.NETM";NA;NA;1217;NA;NA;NA;NA;31640;NA;NA;NA
"3748";"Germany";"Public spending on education, total (% of GDP)";"SE.XPD.TOTL.GD.ZS";NA;NA;NA;NA;NA;NA;4,27930021286011;4,34302997589111;4,4095401763916;4,88047981262207;4,91368007659912
"3754";"Germany";"Rural population (% of total population)";"SP.RUR.TOTL.ZS";26,933;26,887;26,826;26,767;26,711;26,645;26,506;26,305;26,105;25,907;25,709
"3769";"Germany";"School enrollment, tertiary (% gross)";"SE.TER.ENRR";NA;NA;NA;NA;NA;NA;NA;NA;NA;NA;NA
"3782";"Germany";"Unemployment, female (% of female labor force)";"SL.UEM.TOTL.FE.ZS";8;7,90000009536743;8,39999961853027;8,80000019073486;10;10,8999996185303;10,1999998092651;8,80000019073486;7,69999980926514;7,30000019073486;6,59999990463257
"3783";"Germany";"Unemployment, male (% of male labor force)";"SL.UEM.TOTL.MA.ZS";7,40000009536743;7,80000019073486;8,80000019073486;9,69999980926514;10,5;11,3000001907349;10,3000001907349;8,5;7,40000009536743;8,10000038146973;7,5
"3784";"Germany";"Unemployment, total (% of total labor force)";"SL.UEM.TOTL.ZS";7,69999980926514;7,80000019073486;8,60000038146973;9,30000019073486;10,3000001907349;11,1000003814697;10,3000001907349;8,60000038146973;7,5;7,69999980926514;7,09999990463257
"3787";"Germany";"Urban population (% of total)";"SP.URB.TOTL.IN.ZS";73,067;73,113;73,174;73,233;73,289;73,355;73,494;73,695;73,895;74,093;74,291
"3912";"Greece";"Female population 80+";"SP.POP.80UP.FE";219672;225603;230860;236447;243901;253916;269914;287413;305308;322147;337063
"3917";"Greece";"Health expenditure, private (% of GDP)";"SH.XPD.PRIV.ZS";3,04005810988966;3,32405130912408;3,662040071933;3,46161563985037;3,39363128972955;3,73414681388902;3,54491108145745;3,73068390987946;3,90893915773971;2,97959809652048;2,96495871939203
"3919";"Greece";"Health expenditure, public (% of GDP)";"SH.XPD.PUBL.ZS";4,56221110011034;5,14607034087592;5,055646368067;5,14686853014963;4,90873744027045;5,62731909611098;5,79083234514219;5,67782836518577;5,84985855029747;6,78107986210626;6,21635374776093
"3924";"Greece";"Hospital beds (per 1,000 people)";"SH.MED.BEDS.ZS";4,6999998093;NA;NA;NA;4,7;4,7;4,8;NA;4,8;4,8;NA
"3990";"Greece";"Net migration";"SM.POP.NETM";NA;NA;113586;NA;NA;NA;NA;80157;NA;NA;NA
"4093";"Greece";"Public spending on education, total (% of GDP)";"SE.XPD.TOTL.GD.ZS";3,22126007080078;3,36457991600037;3,42429995536804;3,42933988571167;3,66719007492065;3,96395993232727;NA;NA;NA;NA;NA
"4099";"Greece";"Rural population (% of total population)";"SP.RUR.TOTL.ZS";27,284;27,087;26,697;26,311;25,927;25,548;25,173;24,801;24,432;24,068;23,708
"4114";"Greece";"School enrollment, tertiary (% gross)";"SE.TER.ENRR";51,5186004638672;59,1915512084961;66,8139114379883;72,2961730957031;78,483642578125;87,0911026000977;90,7752990722656;87,3513565063477;NA;NA;102,73087310791
"4127";"Greece";"Unemployment, female (% of female labor force)";"SL.UEM.TOTL.FE.ZS";16,6000003814697;15,3000001907349;15,6000003814697;14,8999996185303;16,1000003814697;15,1999998092651;13,6000003814697;12,8000001907349;11,5;13,1999998092651;16,1000003814697
"4128";"Greece";"Unemployment, male (% of male labor force)";"SL.UEM.TOTL.MA.ZS";7,5;6,90000009536743;6,90000009536743;6,30000019073486;6,69999980926514;6,09999990463257;5,69999980926514;5,19999980926514;5,09999990463257;6,90000009536743;9,89999961853027
"4129";"Greece";"Unemployment, total (% of total labor force)";"SL.UEM.TOTL.ZS";11,1000003814697;10,1999998092651;10,3000001907349;9,69999980926514;10,5;9,80000019073486;8,89999961853027;8,30000019073486;7,69999980926514;9,5;12,5
"4132";"Greece";"Urban population (% of total)";"SP.URB.TOTL.IN.ZS";72,716;72,913;73,303;73,689;74,073;74,452;74,827;75,199;75,568;75,932;76,292
"4257";"Hungary";"Female population 80+";"SP.POP.80UP.FE";179684;192161;207296;222770;235633;244238;256187;265681;272425;276905;279782
"4262";"Hungary";"Health expenditure, private (% of GDP)";"SH.XPD.PRIV.ZS";2,06531650590856;2,20722906241427;2,22380368673333;2,43508538206577;2,45726337282762;2,48147766741424;2,44879281120509;2,45870443175263;2,41393938809769;2,59071886178611;2,73299073407569
"4264";"Hungary";"Health expenditure, public (% of GDP)";"SH.XPD.PUBL.ZS";4,99226279409144;4,90774789280321;5,24166091933378;5,98682945624985;5,62590498636406;5,79831589927384;5,65115926150495;5,05082807524355;4,91256727336761;4,95861491123363;5,11749481592431
"4269";"Hungary";"Hospital beds (per 1,000 people)";"SH.MED.BEDS.ZS";8,1000003815;7,9000000954;7,9000000954;7,8000001907;NA;7,9;7,9;7,1;7;7,1;7,18
"4335";"Hungary";"Net migration";"SM.POP.NETM";NA;NA;66163;NA;NA;NA;NA;95789;NA;NA;NA
"4438";"Hungary";"Public spending on education, total (% of GDP)";"SE.XPD.TOTL.GD.ZS";4,87339019775391;4,93961000442505;5,18631982803345;5,81183004379272;5,3522801399231;5,35224008560181;5,33502006530762;5,17581987380981;5,0065598487854;4,99571990966797;4,79942989349365
"4444";"Hungary";"Rural population (% of total population)";"SP.RUR.TOTL.ZS";35,425;35,33;34,919;34,511;34,104;33,646;33,137;32,632;32,13;31,634;31,141
"4459";"Hungary";"School enrollment, tertiary (% gross)";"SE.TER.ENRR";35,9318809509277;39,6877593994141;44,5614395141602;52,2873992919922;60,1552810668945;65,1065368652344;67,6163024902344;67,34326171875;64,4691009521484;61,701000213623;60,368221282959
"4472";"Hungary";"Unemployment, female (% of female labor force)";"SL.UEM.TOTL.FE.ZS";5,59999990463257;4,90000009536743;5,40000009536743;5,59999990463257;6,09999990463257;7,5;7,90000009536743;7,69999980926514;8;9,69999980926514;10,6999998092651
"4473";"Hungary";"Unemployment, male (% of male labor force)";"SL.UEM.TOTL.MA.ZS";7;6,30000019073486;6,09999990463257;6,09999990463257;6,09999990463257;7;7,19999980926514;7,19999980926514;7,59999990463257;10,1999998092651;11,6000003814697
"4474";"Hungary";"Unemployment, total (% of total labor force)";"SL.UEM.TOTL.ZS";6,40000009536743;5,69999980926514;5,80000019073486;5,90000009536743;6,09999990463257;7,19999980926514;7,5;7,40000009536743;7,80000019073486;10;11,1999998092651
"4477";"Hungary";"Urban population (% of total)";"SP.URB.TOTL.IN.ZS";64,575;64,67;65,081;65,489;65,896;66,354;66,863;67,368;67,87;68,366;68,859
"4602";"Iceland";"Female population 80+";"SP.POP.80UP.FE";4669;4860;5034;5199;5371;5581;5825;6072;6276;6379;6441
"4607";"Iceland";"Health expenditure, private (% of GDP)";"SH.XPD.PRIV.ZS";1,7300407839924;1,71701413188729;1,78101391079734;1,8430847405402;1,79283846641828;1,71027521914994;1,61519657196113;1,52747748669324;1,52906313770361;1,64126493141564;1,73942434800862
"4609";"Iceland";"Health expenditure, public (% of GDP)";"SH.XPD.PUBL.ZS";7,5449804160076;7,40536902811272;8,07437599920267;8,2312893394598;7,79429637358172;7,49948502085006;7,34951033803887;7,22544354330676;7,27430978229639;7,47948051858436;7,11606407199138
"4614";"Iceland";"Hospital beds (per 1,000 people)";"SH.MED.BEDS.ZS";NA;NA;7,5;NA;NA;NA;5,3391;5,8;NA;NA;NA
"4680";"Iceland";"Net migration";"SM.POP.NETM";NA;NA;3894;NA;NA;NA;NA;8041;NA;NA;NA
"4783";"Iceland";"Public spending on education, total (% of GDP)";"SE.XPD.TOTL.GD.ZS";6,50416994094849;6,79560995101929;7,4236798286438;7,32993984222412;7,22433996200562;7,38386011123657;7,37423992156982;7,06127977371216;7,25437021255493;7,35713005065918;7,21402978897095
"4789";"Iceland";"Rural population (% of total population)";"SP.RUR.TOTL.ZS";7,599;7,468;7,33799999999999;7,211;7,086;6,96299999999999;6,84099999999999;6,72199999999999;6,605;6,489;6,376
"4804";"Iceland";"School enrollment, tertiary (% gross)";"SE.TER.ENRR";45,4810600280762;47,6399917602539;54,0500183105469;62,1744995117188;68,412239074707;70,3767318725586;72,6646575927734;71,7212905883789;74,1032791137695;74,323486328125;78,353157043457
"4817";"Iceland";"Unemployment, female (% of female labor force)";"SL.UEM.TOTL.FE.ZS";2,90000009536743;2,5;2,90000009536743;3,20000004768372;2,90000009536743;2,59999990463257;3,09999990463257;2,29999995231628;2,59999990463257;5,59999990463257;6,69999980926514
"4818";"Iceland";"Unemployment, male (% of male labor force)";"SL.UEM.TOTL.MA.ZS";1,79999995231628;2,09999990463257;3,59999990463257;3,59999990463257;3,20000004768372;2,59999990463257;2,90000009536743;2,29999995231628;3,29999995231628;8,60000038146973;8,39999961853027
"4819";"Iceland";"Unemployment, total (% of total labor force)";"SL.UEM.TOTL.ZS";2,29999995231628;2,29999995231628;3,29999995231628;3,40000009536743;3,09999990463257;2,59999990463257;3;2,29999995231628;3;7,19999980926514;7,59999990463257
"4822";"Iceland";"Urban population (% of total)";"SP.URB.TOTL.IN.ZS";92,401;92,532;92,662;92,789;92,914;93,037;93,159;93,278;93,395;93,511;93,624
"4947";"Ireland";"Female population 80+";"SP.POP.80UP.FE";62150;64240;66265;67956;69222;70031;72375;74451;75531;75575;75137
"4952";"Ireland";"Health expenditure, private (% of GDP)";"SH.XPD.PRIV.ZS";1,56190635331212;1,68620506563672;1,68160270820023;1,64508476569084;1,7419650582124;1,74612781513366;1,77936052413529;1,84003238813173;2,12811159072483;2,6129656386916;2,65912360364157
"4954";"Ireland";"Health expenditure, public (% of GDP)";"SH.XPD.PUBL.ZS";4,46660108366892;4,91167274895254;5,17116710033894;5,40268378263033;5,59622888640263;5,52072418846789;5,44387862517996;5,72991017446134;6,5130271232842;6,91724158083481;6,10143990118165
"4959";"Ireland";"Hospital beds (per 1,000 people)";"SH.MED.BEDS.ZS";4,5999999046;4,5;4,4000000954;4,3000001907;5,7;5,6;5,3;5,2;4,9;NA;3,15
"5025";"Ireland";"Net migration";"SM.POP.NETM";NA;NA;199949;NA;NA;NA;NA;198144;NA;NA;NA
"5128";"Ireland";"Public spending on education, total (% of GDP)";"SE.XPD.TOTL.GD.ZS";4,13742017745972;4,09406995773315;4,10645008087158;4,19907999038696;4,48537015914917;4,52771997451782;4,54724979400635;4,71577978134155;5,45060014724731;6,15928983688354;6,09528017044067
"5134";"Ireland";"Rural population (% of total population)";"SP.RUR.TOTL.ZS";40,854;40,605;40,351;40,075;39,798;39,523;39,248;38,975;38,702;38,431;38,16
"5149";"Ireland";"School enrollment, tertiary (% gross)";"SE.TER.ENRR";46,2357597351074;47,658821105957;49,8715705871582;51,2936592102051;53,7191009521484;54,2435684204102;55,6207008361816;57,8361015319824;55,3125686645508;57,8302993774414;63,0544204711914
"5162";"Ireland";"Unemployment, female (% of female labor force)";"SL.UEM.TOTL.FE.ZS";4,19999980926514;3,59999990463257;3,70000004768372;4;3,79999995231628;3,90000009536743;4,19999980926514;4,19999980926514;4,59999990463257;8,19999980926514;9,89999961853027
"5163";"Ireland";"Unemployment, male (% of male labor force)";"SL.UEM.TOTL.MA.ZS";4,30000019073486;3,79999995231628;4,5;4,80000019073486;5;4,59999990463257;4,59999990463257;4,90000009536743;7,09999990463257;15;17,1000003814697
"5164";"Ireland";"Unemployment, total (% of total labor force)";"SL.UEM.TOTL.ZS";4,30000019073486;3,70000004768372;4,19999980926514;4,5;4,5;4,30000019073486;4,40000009536743;4,59999990463257;6;12;13,8999996185303
"5167";"Ireland";"Urban population (% of total)";"SP.URB.TOTL.IN.ZS";59,146;59,395;59,649;59,925;60,202;60,477;60,752;61,025;61,298;61,569;61,84
"5292";"Israel";"Female population 80+";"SP.POP.80UP.FE";82404;87168;91841;96437;100883;105079;110240;115818;121752;128737;135341
"5297";"Israel";"Health expenditure, private (% of GDP)";"SH.XPD.PRIV.ZS";2,50951159390921;2,74489278529642;2,5934382753276;2,70411594109851;2,71212932768032;2,87981011958321;2,67706246390309;2,80800042031501;2,76694202729812;2,82650849436172;2,66534936815488
"5299";"Israel";"Health expenditure, public (% of GDP)";"SH.XPD.PUBL.ZS";4,46036146165366;4,71917215314535;4,73781875351353;4,58758637411693;4,47343624638183;4,40842581752689;4,70256022609691;4,56088594968499;4,47159298515823;4,56077326414522;4,61227648183452
"5304";"Israel";"Hospital beds (per 1,000 people)";"SH.MED.BEDS.ZS";6,1399998665;6,1599998474;NA;6,0999999046;NA;6,3;6;5,8;NA;NA;3,5
"5370";"Israel";"Net migration";"SM.POP.NETM";NA;NA;102935;NA;NA;NA;NA;273635;NA;NA;NA
"5473";"Israel";"Public spending on education, total (% of GDP)";"SE.XPD.TOTL.GD.ZS";6,11555004119873;6,37714004516602;6,46803998947144;6,36037015914917;5,94699001312256;5,7473201751709;5,74272012710571;5,48363018035889;5,51871013641357;5,4786901473999;5,52760982513428
"5479";"Israel";"Rural population (% of total population)";"SP.RUR.TOTL.ZS";8,797;8,733;8,67;8,607;8,544;8,482;8,42;8,35899999999999;8,298;8,23699999999999;8,176
"5494";"Israel";"School enrollment, tertiary (% gross)";"SE.TER.ENRR";49,4715309143066;51,785888671875;56,7978515625;56,7660293579102;56,4898414611816;58,0799789428711;57,6743392944336;60,5320587158203;59,7586517333984;62,457649230957;NA
"5507";"Israel";"Unemployment, female (% of female labor force)";"SL.UEM.TOTL.FE.ZS";9,19999980926514;9,69999980926514;10,6000003814697;11,3000001907349;11,3999996185303;9,5;9;7,90000009536743;6,5;7,5;6,40000009536743
"5508";"Israel";"Unemployment, male (% of male labor force)";"SL.UEM.TOTL.MA.ZS";8,5;9;10;10,1999998092651;9,5;8,60000038146973;7,90000009536743;6,80000019073486;5,80000019073486;7,5;6,80000019073486
"5509";"Israel";"Unemployment, total (% of total labor force)";"SL.UEM.TOTL.ZS";8,80000019073486;9,30000019073486;10,3000001907349;10,6999998092651;10,3999996185303;9;8,39999961853027;7,30000019073486;6,09999990463257;7,5;6,59999990463257
"5512";"Israel";"Urban population (% of total)";"SP.URB.TOTL.IN.ZS";91,203;91,267;91,33;91,393;91,456;91,518;91,58;91,641;91,702;91,763;91,824
"5637";"Italy";"Female population 80+";"SP.POP.80UP.FE";1541466;1593988;1663967;1747828;1832052;1902675;1976594;2053135;2127536;2190836;2247829
"5642";"Italy";"Health expenditure, private (% of GDP)";"SH.XPD.PRIV.ZS";2,20905872854442;2,140045211885;2,15306423987635;2,10139660971274;2,07954915501549;2,06292311417572;2,07489342826649;1,99384600938406;2,04919563713079;2,16623070742148;2,16323853352287
"5644";"Italy";"Health expenditure, public (% of GDP)";"SH.XPD.PUBL.ZS";5,70465803145558;5,973164168115;6,07690275012365;6,07045375028726;6,41476698498452;6,64414757582428;6,74359729173351;6,48783966061594;6,83665359286921;7,24866586257852;7,25667349647713
"5649";"Italy";"Hospital beds (per 1,000 people)";"SH.MED.BEDS.ZS";4,6999998093;4,5999999046;4,4000000954;NA;4;4;3,9;NA;3,7;3,6;3,53
"5715";"Italy";"Net migration";"SM.POP.NETM";NA;NA;1624300;NA;NA;NA;NA;1006308;NA;NA;NA
"5818";"Italy";"Public spending on education, total (% of GDP)";"SE.XPD.TOTL.GD.ZS";4,29715013504028;4,66700983047485;4,44524002075195;4,55284023284912;4,39518022537231;4,24746990203857;4,53566980361938;4,11661005020142;4,40077018737793;4,53406000137329;4,3491997718811
"5824";"Italy";"Rural population (% of total population)";"SP.RUR.TOTL.ZS";32,778;32,718;32,618;32,499;32,38;32,262;32,144;32,026;31,908;31,791;31,673
"5839";"Italy";"School enrollment, tertiary (% gross)";"SE.TER.ENRR";49,3512001037598;52,2793083190918;54,9498901367188;58,1488189697266;61,8143196105957;64,0850677490234;65,7742691040039;66,5906066894531;66,4416809082031;66,8119430541992;66,2042770385742
"5852";"Italy";"Unemployment, female (% of female labor force)";"SL.UEM.TOTL.FE.ZS";14,6999998092651;12,8999996185303;12,6000003814697;11,8999996185303;10,1999998092651;10;8,80000019073486;7,90000009536743;8,5;9,30000019073486;9,60000038146973
"5853";"Italy";"Unemployment, male (% of male labor force)";"SL.UEM.TOTL.MA.ZS";8,30000019073486;7,5;7;6,90000009536743;6,30000019073486;6,19999980926514;5,5;4,90000009536743;5,5;6,80000019073486;7,5
"5854";"Italy";"Unemployment, total (% of total labor force)";"SL.UEM.TOTL.ZS";10,8000001907349;9,60000038146973;9,19999980926514;8,89999961853027;7,90000009536743;7,69999980926514;6,80000019073486;6,09999990463257;6,69999980926514;7,80000019073486;8,39999961853027
"5857";"Italy";"Urban population (% of total)";"SP.URB.TOTL.IN.ZS";67,222;67,282;67,382;67,501;67,62;67,738;67,856;67,974;68,092;68,209;68,327
"5982";"Japan";"Female population 80+";"SP.POP.80UP.FE";3178535;3358697;3552352;3759620;3970605;4187518;4397319;4621588;4853353;5090988;5340494
"5987";"Japan";"Health expenditure, private (% of GDP)";"SH.XPD.PRIV.ZS";1,44563250329354;1,44927896106194;1,48692594384602;1,57553422935044;1,56213788993361;1,52408310107817;1,59769532801297;1,53348964188841;1,60400484948332;1,76046763787641;1,71652778572407
"5989";"Japan";"Health expenditure, public (% of GDP)";"SH.XPD.PUBL.ZS";6,08761400670646;6,29740617893806;6,36155257615398;6,42041005064956;6,47273952006639;6,65745956892183;6,59643924198703;6,71504486811159;6,99502179051668;7,75349321212359;7,86196936427593
"5994";"Japan";"Hospital beds (per 1,000 people)";"SH.MED.BEDS.ZS";14,6999998093;12,9;14,3999996185;14,3000001907;13,9;14,1;13,98;NA;13,8;13,7;NA
"6060";"Japan";"Net migration";"SM.POP.NETM";NA;NA;622058;NA;NA;NA;NA;445267;NA;NA;NA
"6163";"Japan";"Public spending on education, total (% of GDP)";"SE.XPD.TOTL.GD.ZS";3,61888003349304;3,57129001617432;3,58505988121033;3,64257001876831;3,59858989715576;3,48391008377075;3,46273994445801;3,46368002891541;3,44023990631104;NA;3,78134989738464
"6169";"Japan";"Rural population (% of total population)";"SP.RUR.TOTL.ZS";21,351;20,01;18,353;16,804;15,36;14,022;12,943;11,987;11,091;10,257;9,47799999999999
"6184";"Japan";"School enrollment, tertiary (% gross)";"SE.TER.ENRR";48,7365303039551;49,9141883850098;50,7075309753418;51,8357810974121;53,5767593383789;54,9709701538086;57,105899810791;57,8153495788574;57,6390686035156;57,6783409118652;58,0752410888672
"6197";"Japan";"Unemployment, female (% of female labor force)";"SL.UEM.TOTL.FE.ZS";4,5;4,80000019073486;5,09999990463257;4,90000009536743;4,40000009536743;4,19999980926514;3,79999995231628;3,70000004768372;3,79999995231628;4,69999980926514;4,5
"6198";"Japan";"Unemployment, male (% of male labor force)";"SL.UEM.TOTL.MA.ZS";5;5,19999980926514;5,59999990463257;5,40000009536743;4,90000009536743;4,59999990463257;4,30000019073486;4;4,09999990463257;5,30000019073486;5,30000019073486
"6199";"Japan";"Unemployment, total (% of total labor force)";"SL.UEM.TOTL.ZS";4,80000019073486;5;5,40000009536743;5,19999980926514;4,69999980926514;4,40000009536743;4,09999990463257;3,90000009536743;4;5;5
"6202";"Japan";"Urban population (% of total)";"SP.URB.TOTL.IN.ZS";78,649;79,99;81,647;83,196;84,64;85,978;87,057;88,013;88,909;89,743;90,522
"6327";"Latvia";"Female population 80+";"SP.POP.80UP.FE";48477;50085;51961;54018;55904;57566;60861;64109;66754;68186;68455
"6332";"Latvia";"Health expenditure, private (% of GDP)";"SH.XPD.PRIV.ZS";2,73881918427811;3,00906320385932;3,01016686575832;2,90300127411105;2,82748587687512;2,73700623509613;2,44128335487679;2,75141225879908;2,47791718222173;2,53420540858649;2,46044766072761
"6334";"Latvia";"Health expenditure, public (% of GDP)";"SH.XPD.PUBL.ZS";3,26544667572189;3,15770794614068;3,27906797424168;3,24952285588895;3,68469810312488;3,63715135490387;4,35785714512321;4,25597900025844;4,12451504535882;4,07004162479427;3,94025814694788
"6339";"Latvia";"Hospital beds (per 1,000 people)";"SH.MED.BEDS.ZS";8,7299995422;8,1999998093;NA;7,8000001907;NA;7,7;7,6;7,6;NA;6,4;5,32
"6405";"Latvia";"Net migration";"SM.POP.NETM";NA;NA;-82692;NA;NA;NA;NA;-86168;NA;NA;NA
"6508";"Latvia";"Public spending on education, total (% of GDP)";"SE.XPD.TOTL.GD.ZS";5,29027986526489;5,45680999755859;5,61380004882813;5,07315015792847;4,85972023010254;NA;4,71949005126953;4,66440010070801;5,41358995437622;5,5789098739624;5,08563995361328
"6514";"Latvia";"Rural population (% of total population)";"SP.RUR.TOTL.ZS";31,933;32,05;32,15;32,2;32,1;32;32,033;32,1;32,166;32,236;32,308
"6529";"Latvia";"School enrollment, tertiary (% gross)";"SE.TER.ENRR";56,6365814208984;63,3048400878906;67,7249298095703;72,4155578613281;77,2820281982422;78,8744506835938;78,9548187255859;77,9731292724609;77,1492919921875;76,5870590209961;70,4300918579102
"6542";"Latvia";"Unemployment, female (% of female labor force)";"SL.UEM.TOTL.FE.ZS";13,3999996185303;11,5;11,6000003814697;10,8000001907349;10,3999996185303;8,69999980926514;6,09999990463257;5,59999990463257;6,90000009536743;13,8999996185303;15,6999998092651
"6543";"Latvia";"Unemployment, male (% of male labor force)";"SL.UEM.TOTL.MA.ZS";15;14,6000003814697;14,8000001907349;10,3999996185303;9,5;9,10000038146973;7,40000009536743;6,40000009536743;7,90000009536743;20,2999992370605;21,7000007629395
"6544";"Latvia";"Unemployment, total (% of total labor force)";"SL.UEM.TOTL.ZS";14,1999998092651;13,1000003814697;13,1999998092651;10,6000003814697;9,89999961853027;8,89999961853027;6,80000019073486;6;7,40000009536743;17,1000003814697;18,7000007629395
"6547";"Latvia";"Urban population (% of total)";"SP.URB.TOTL.IN.ZS";68,067;67,95;67,85;67,8;67,9;68;67,967;67,9;67,834;67,764;67,692
"6672";"Lithuania";"Female population 80+";"SP.POP.80UP.FE";62138;64578;67277;70140;72934;75592;79984;84829;89654;93838;96289
"6677";"Lithuania";"Health expenditure, private (% of GDP)";"SH.XPD.PRIV.ZS";1,95641541387629;1,71237430848566;1,60393306793153;1,52991836745452;1,84048341607239;1,87963331715287;1,88854905131656;1,68106608434927;1,82387307586442;2,04645195248699;1,94526544409248
"6679";"Lithuania";"Health expenditure, public (% of GDP)";"SH.XPD.PUBL.ZS";4,50192924612371;4,54791886151434;4,79217207206847;4,92987538254548;3,83247281969243;3,95366445803828;4,30671584749302;4,54217727246433;4,78419576440611;5,48554661925936;5,02095567496006
"6684";"Lithuania";"Hospital beds (per 1,000 people)";"SH.MED.BEDS.ZS";9,7600002289;9,220000267;NA;8,6999998093;NA;8,1;8;8,1;6,8;6,8;6,75
"6750";"Lithuania";"Net migration";"SM.POP.NETM";NA;NA;-83738;NA;NA;NA;NA;-141659;NA;NA;NA
"6853";"Lithuania";"Public spending on education, total (% of GDP)";"SE.XPD.TOTL.GD.ZS";NA;5,84038019180298;5,79253005981445;5,10851001739502;5,16915988922119;4,87318992614746;4,82054996490479;4,5905499458313;4,83453989028931;5,57741022109985;5,29902982711792
"6859";"Lithuania";"Rural population (% of total population)";"SP.RUR.TOTL.ZS";33,014;33,081;33,172;33,263;33,354;33,365;33,294;33,223;33,152;33,158;33,243
"6874";"Lithuania";"School enrollment, tertiary (% gross)";"SE.TER.ENRR";50,2636795043945;55,7596206665039;61,1576499938965;68,8662490844727;75,0312194824219;80,3705825805664;81,8649597167969;82,5683288574219;85,1227416992188;88,4635162353516;85,6622085571289
"6887";"Lithuania";"Unemployment, female (% of female labor force)";"SL.UEM.TOTL.FE.ZS";13,6000003814697;14;12,8000001907349;13,1999998092651;11,5;8,30000019073486;5,40000009536743;4,40000009536743;5,59999990463257;10,3999996185303;14,3999996185303
"6888";"Lithuania";"Unemployment, male (% of male labor force)";"SL.UEM.TOTL.MA.ZS";18,2000007629395;19,5;13,1999998092651;12,6000003814697;11,1000003814697;8,30000019073486;5,80000019073486;4,19999980926514;6;17;21,2000007629395
"6889";"Lithuania";"Unemployment, total (% of total labor force)";"SL.UEM.TOTL.ZS";15,8999996185303;16,7999992370605;13;12,8999996185303;11,3000001907349;8,30000019073486;5,59999990463257;4,30000019073486;5,80000019073486;13,6999998092651;17,7999992370605
"6892";"Lithuania";"Urban population (% of total)";"SP.URB.TOTL.IN.ZS";66,986;66,919;66,828;66,737;66,646;66,635;66,706;66,777;66,848;66,842;66,757
"7017";"Luxembourg";"Female population 80+";"SP.POP.80UP.FE";9350;9681;10046;10449;10858;11237;11635;12013;12380;12695;12960
"7022";"Luxembourg";"Health expenditure, private (% of GDP)";"SH.XPD.PRIV.ZS";1,11621299729731;1,16544085061851;1,19580011249428;1,20966923614016;1,24625699206607;1,19799137791797;1,15209897933471;0,977931450407748;0,845620861309558;1,08898193125918;1,08618488341038
"7024";"Luxembourg";"Health expenditure, public (% of GDP)";"SH.XPD.PUBL.ZS";6,36126718270269;6,23638900938149;7,07085848780102;6,45762350660745;6,95829765793393;6,7477064382595;6,59737985066529;5,82007397959225;6,49296977869044;7,02564426874082;6,59470187658961
"7029";"Luxembourg";"Hospital beds (per 1,000 people)";"SH.MED.BEDS.ZS";6,1999998093;6,0999999046;6;6;6,3;NA;NA;NA;5,6;5,6;5,4
"7095";"Luxembourg";"Net migration";"SM.POP.NETM";NA;NA;14473;NA;NA;NA;NA;42279;NA;NA;NA
"7198";"Luxembourg";"Public spending on education, total (% of GDP)";"SE.XPD.TOTL.GD.ZS";NA;3,59301996231079;NA;NA;NA;NA;NA;NA;NA;NA;NA
"7204";"Luxembourg";"Rural population (% of total population)";"SP.RUR.TOTL.ZS";15,784;15,157;14,701;14,257;13,823;13,402;12,991;12,591;12,2;11,822;11,453
"7219";"Luxembourg";"School enrollment, tertiary (% gross)";"SE.TER.ENRR";9,81433963775635;10,2157697677612;11,8505201339722;12,1856603622437;NA;NA;10,3311996459961;NA;10,6110801696777;NA;18,2751502990723
"7232";"Luxembourg";"Unemployment, female (% of female labor force)";"SL.UEM.TOTL.FE.ZS";3,09999990463257;2,09999990463257;3,59999990463257;4,69999980926514;7,09999990463257;5,80000019073486;6,19999980926514;4,80000019073486;6,09999990463257;6,09999990463257;5,09999990463257
"7233";"Luxembourg";"Unemployment, male (% of male labor force)";"SL.UEM.TOTL.MA.ZS";1,79999995231628;1,60000002384186;1,89999997615814;3;3,70000004768372;3,5;3,5;3,59999990463257;4,30000019073486;4,30000019073486;3,90000009536743
"7234";"Luxembourg";"Unemployment, total (% of total labor force)";"SL.UEM.TOTL.ZS";2,29999995231628;1,79999995231628;2,59999990463257;3,70000004768372;5,09999990463257;4,5;4,69999980926514;4,09999990463257;5,09999990463257;5,09999990463257;4,40000009536743
"7237";"Luxembourg";"Urban population (% of total)";"SP.URB.TOTL.IN.ZS";84,216;84,843;85,299;85,743;86,177;86,598;87,009;87,409;87,8;88,178;88,547
"7362";"Mexico";"Female population 80+";"SP.POP.80UP.FE";569745;599313;629311;659545;689605;719312;764611;809650;853415;895413;935828
"7367";"Mexico";"Health expenditure, private (% of GDP)";"SH.XPD.PRIV.ZS";2,66043478272593;2,95426234020072;3,09905045190411;3,48057433609754;3,42243648365261;3,42543234390251;3,27183298546035;3,2732646620629;3,30038384299272;3,49986429858072;3,29114715854543
"7369";"Mexico";"Health expenditure, public (% of GDP)";"SH.XPD.PUBL.ZS";2,31810751057025;2,39862084979928;2,42202734809589;2,54127743390246;2,68800390634739;2,61887785609749;2,56034515453965;2,64237476793711;2,76093681700728;3,09593557141928;3,10329567145457
"7374";"Mexico";"Hospital beds (per 1,000 people)";"SH.MED.BEDS.ZS";1,1000000238;1,1000000238;1,1000000238;1;1;NA;1,6;1,7;1,6;1,6;1,7
"7440";"Mexico";"Net migration";"SM.POP.NETM";NA;NA;-2841190;NA;NA;NA;NA;-409596;NA;NA;NA
"7543";"Mexico";"Public spending on education, total (% of GDP)";"SE.XPD.TOTL.GD.ZS";4,13410997390747;4,42831993103027;4,63847017288208;5,18673992156982;4,80017995834351;4,90794992446899;4,74912977218628;4,73354005813599;4,85819005966187;5,22672986984253;5,19790983200073
"7549";"Mexico";"Rural population (% of total population)";"SP.RUR.TOTL.ZS";25,278;24,955;24,635;24,318;24,003;23,692;23,383;23,077;22,773;22,473;22,175
"7564";"Mexico";"School enrollment, tertiary (% gross)";"SE.TER.ENRR";19,0738201141357;19,8611698150635;20,8357601165771;21,7265892028809;22,562219619751;23,12034034729;23,6079692840576;24,1429805755615;24,7486000061035;25,1928596496582;26,1664390563965
"7577";"Mexico";"Unemployment, female (% of female labor force)";"SL.UEM.TOTL.FE.ZS";3,29999995231628;3,20000004768372;3,5;3,70000004768372;4,69999980926514;3,59999990463257;3,5;3,70000004768372;3,90000009536743;4,80000019073486;5,19999980926514
"7578";"Mexico";"Unemployment, male (% of male labor force)";"SL.UEM.TOTL.MA.ZS";2,20000004768372;2,09999990463257;2,59999990463257;2,59999990463257;3,09999990463257;3,40000009536743;3;3,20000004768372;3,29999995231628;5,40000009536743;5,19999980926514
"7579";"Mexico";"Unemployment, total (% of total labor force)";"SL.UEM.TOTL.ZS";2,59999990463257;2,5;2,90000009536743;3;3,70000004768372;3,5;3,20000004768372;3,40000009536743;3,5;5,19999980926514;5,19999980926514
"7582";"Mexico";"Urban population (% of total)";"SP.URB.TOTL.IN.ZS";74,722;75,045;75,365;75,682;75,997;76,308;76,617;76,923;77,227;77,527;77,825
"7707";"Netherlands";"Female population 80+";"SP.POP.80UP.FE";347576;358172;368655;377954;384903;388925;398549;407236;415672;423925;431748
"7712";"Netherlands";"Health expenditure, private (% of GDP)";"SH.XPD.PRIV.ZS";2,7406982519303;2,89849295984354;3,13265291662237;2,82975640357172;2,93002811718407;2,92878210506216;1,38257292660501;1,37668444144218;1,36151912185206;1,38875860092265;1,39442604479749
"7714";"Netherlands";"Health expenditure, public (% of GDP)";"SH.XPD.PUBL.ZS";4,6826213380697;4,89473375015645;5,21192070337763;5,62741917642828;5,59115870281593;6,66893702493783;7,97446453339499;7,98048949855782;8,20974142814795;8,90151684907736;9,08129607520251
"7719";"Netherlands";"Hospital beds (per 1,000 people)";"SH.MED.BEDS.ZS";4,8000001907;4,6999998093;NA;5;NA;NA;NA;4,8;4,3;4,7;NA
"7785";"Netherlands";"Net migration";"SM.POP.NETM";NA;NA;144620;NA;NA;NA;NA;55674;NA;NA;NA
"7888";"Netherlands";"Public spending on education, total (% of GDP)";"SE.XPD.TOTL.GD.ZS";4,62550020217896;4,7507700920105;4,87038993835449;5,10149002075195;5,11464023590088;5,15879011154175;5,09046983718872;4,93376016616821;5,09226989746094;5,49579000473022;5,55579996109009
"7894";"Netherlands";"Rural population (% of total population)";"SP.RUR.TOTL.ZS";23,205;22,17;20,887;19,659;18,486;17,37;16,364;15,461;14,598;13,758;12,939
"7909";"Netherlands";"School enrollment, tertiary (% gross)";"SE.TER.ENRR";53,0003700256348;55,0971603393555;56,1880683898926;56,7952690124512;58,0532684326172;59,7521018981934;60,638801574707;60,9460411071777;61,4471015930176;62,4347114562988;65,1587219238281
"7922";"Netherlands";"Unemployment, female (% of female labor force)";"SL.UEM.TOTL.FE.ZS";3,40000009536743;2,5;2,90000009536743;3,79999995231628;5;5,09999990463257;4,40000009536743;3,70000004768372;3,09999990463257;3,40000009536743;4,59999990463257
"7923";"Netherlands";"Unemployment, male (% of male labor force)";"SL.UEM.TOTL.MA.ZS";2,09999990463257;1,79999995231628;2,29999995231628;3,40000009536743;4,30000019073486;4,40000009536743;3,5;2,79999995231628;2,59999990463257;3,40000009536743;4,40000009536743
"7924";"Netherlands";"Unemployment, total (% of total labor force)";"SL.UEM.TOTL.ZS";2,70000004768372;2,09999990463257;2,59999990463257;3,59999990463257;4,59999990463257;4,69999980926514;3,90000009536743;3,20000004768372;2,79999995231628;3,40000009536743;4,5
"7927";"Netherlands";"Urban population (% of total)";"SP.URB.TOTL.IN.ZS";76,795;77,83;79,113;80,341;81,514;82,63;83,636;84,539;85,402;86,242;87,061
"8052";"New Zealand";"Female population 80+";"SP.POP.80UP.FE";71586;73400;75944;78562;80581;82007;84385;86518;88577;90606;92399
"8057";"New Zealand";"Health expenditure, private (% of GDP)";"SH.XPD.PRIV.ZS";1,64220896355134;1,78693029308332;1,74398671710219;1,67055629367781;1,60663742911396;1,67633964188906;1,72328028095173;1,47077762090863;1,79147469433822;1,88273755458279;1,89250797808234
"8059";"New Zealand";"Health expenditure, public (% of GDP)";"SH.XPD.PUBL.ZS";5,82783912644866;5,79198492691668;6,14652049500899;6,04151119632219;6,28157711312175;6,57247518741448;6,92299576545041;6,88339970793078;8,90698460566178;9,32301028541721;9,30546187264659
"8064";"New Zealand";"Hospital beds (per 1,000 people)";"SH.MED.BEDS.ZS";NA;NA;6,2;NA;NA;NA;NA;NA;NA;NA;NA
"8130";"New Zealand";"Net migration";"SM.POP.NETM";NA;NA;134629;NA;NA;NA;NA;62413;NA;NA;NA
"8233";"New Zealand";"Public spending on education, total (% of GDP)";"SE.XPD.TOTL.GD.ZS";NA;6,56049013137817;6,40699005126953;6,42944002151489;6,50393009185791;6,26885986328125;5,93509006500244;5,92503023147583;5,52810001373291;6,34519004821777;7,05310010910034
"8239";"New Zealand";"Rural population (% of total population)";"SP.RUR.TOTL.ZS";14,323;14,236;14,1;14;13,974;13,948;13,922;13,896;13,87;13,852;13,835
"8254";"New Zealand";"School enrollment, tertiary (% gross)";"SE.TER.ENRR";66,1921768188477;66,5929412841797;67,2766799926758;68,9801025390625;83,6009292602539;80,6416168212891;78,6837921142578;78,9203186035156;78,0315399169922;82,6035919189453;82,5175018310547
"8267";"New Zealand";"Unemployment, female (% of female labor force)";"SL.UEM.TOTL.FE.ZS";6,09999990463257;5,40000009536743;5,5;5,09999990463257;4,5;4,19999980926514;4,19999980926514;4;4,30000019073486;6,09999990463257;6,80000019073486
"8268";"New Zealand";"Unemployment, male (% of male labor force)";"SL.UEM.TOTL.MA.ZS";6,30000019073486;5,40000009536743;5,19999980926514;4,5;3,59999990463257;3,5;3,59999990463257;3,40000009536743;4,19999980926514;6,09999990463257;6,19999980926514
"8269";"New Zealand";"Unemployment, total (% of total labor force)";"SL.UEM.TOTL.ZS";6,19999980926514;5,40000009536743;5,30000019073486;4,80000019073486;4;3,79999995231628;3,90000009536743;3,70000004768372;4,19999980926514;6,09999990463257;6,5
"8272";"New Zealand";"Urban population (% of total)";"SP.URB.TOTL.IN.ZS";85,677;85,764;85,9;86;86,026;86,052;86,078;86,104;86,13;86,148;86,165
"8397";"Norway";"Female population 80+";"SP.POP.80UP.FE";130167;133511;136710;139576;141599;142612;143997;144697;144899;144497;143552
"8402";"Norway";"Health expenditure, private (% of GDP)";"SH.XPD.PRIV.ZS";1,44865062679715;1,42159102984628;1,58898230462237;1,60513653546898;1,55226121945253;1,46374303447726;1,36766288471976;1,36518713241017;1,30660402614368;1,45923485057081;1,41188198505666
"8404";"Norway";"Health expenditure, public (% of GDP)";"SH.XPD.PUBL.ZS";6,82382819012785;7,22396035015372;8,02720966537763;8,24746405453102;7,88886077054747;7,43028202552273;7,06288775528024;7,21922700758983;7,09117287701534;8,02173767778407;7,83922868707644
"8409";"Norway";"Hospital beds (per 1,000 people)";"SH.MED.BEDS.ZS";3,7999999523;NA;NA;NA;NA;4,2;4,1;3,9;3,5;3,3;3,3
"8475";"Norway";"Net migration";"SM.POP.NETM";NA;NA;67400;NA;NA;NA;NA;174001;NA;NA;NA
"8578";"Norway";"Public spending on education, total (% of GDP)";"SE.XPD.TOTL.GD.ZS";6,46466016769409;6,82939004898071;7,44131994247437;7,41981983184814;7,30252981185913;6,86868000030518;6,38567018508911;6,53527021408081;6,28934001922607;7,0998101234436;6,74994993209839
"8584";"Norway";"Rural population (% of total population)";"SP.RUR.TOTL.ZS";23,919;23,439;23,001;22,77;22,725;22,51;22,111;21,766;21,474;21,185;20,898
"8599";"Norway";"School enrollment, tertiary (% gross)";"SE.TER.ENRR";69,3422927856445;70,2797393798828;73,3728332519531;79,1078186035156;79,263801574707;78,5513076782227;77,6835098266602;75,4095687866211;72,3371734619141;72,7064666748047;72,8869171142578
"8612";"Norway";"Unemployment, female (% of female labor force)";"SL.UEM.TOTL.FE.ZS";3,20000004768372;3,29999995231628;3,70000004768372;3,90000009536743;3,90000009536743;4,40000009536743;3,40000009536743;2,40000009536743;2,40000009536743;2,70000004768372;3
"8613";"Norway";"Unemployment, male (% of male labor force)";"SL.UEM.TOTL.MA.ZS";3,59999990463257;3,5;4,09999990463257;4,80000019073486;4,90000009536743;4,80000019073486;3,40000009536743;2,59999990463257;2,79999995231628;3,70000004768372;4,09999990463257
"8614";"Norway";"Unemployment, total (% of total labor force)";"SL.UEM.TOTL.ZS";3,40000009536743;3,40000009536743;3,90000009536743;4,40000009536743;4,40000009536743;4,59999990463257;3,40000009536743;2,5;2,59999990463257;3,20000004768372;3,59999990463257
"8617";"Norway";"Urban population (% of total)";"SP.URB.TOTL.IN.ZS";76,081;76,561;76,999;77,23;77,275;77,49;77,889;78,234;78,526;78,815;79,102
"8742";"Poland";"Female population 80+";"SP.POP.80UP.FE";533301;563781;599449;636716;671444;701623;745000;784932;820207;850476;873665
"8747";"Poland";"Health expenditure, private (% of GDP)";"SH.XPD.PRIV.ZS";1,64879148412936;1,64556556258146;1,82294597896593;1,86954003226465;1,9402095957638;1,89851084306437;1,84992616426263;1,85607003283368;1,93630329634976;2,0066492637607;1,94558911153052
"8749";"Poland";"Health expenditure, public (% of GDP)";"SH.XPD.PUBL.ZS";3,85271313587064;4,21039135741854;4,49780846103407;4,34988710566872;4,24200123617159;4,29890204415499;4,31321008281988;4,42036017141353;4,93531591694984;5,09718111444033;4,9028074282589
"8754";"Poland";"Hospital beds (per 1,000 people)";"SH.MED.BEDS.ZS";4,9000000954;NA;5,5999999046;NA;5,3;5,2;5,2;NA;6,6;6,7;6,59
"8820";"Poland";"Net migration";"SM.POP.NETM";NA;NA;38050;NA;NA;NA;NA;5235;NA;NA;NA
"8923";"Poland";"Public spending on education, total (% of GDP)";"SE.XPD.TOTL.GD.ZS";4,99361991882324;5,32975006103516;5,39797019958496;5,33218002319336;5,38898992538452;5,45665979385376;5,22828006744385;4,87176990509033;5,07496976852417;5,02705001831055;5,06927013397217
"8929";"Poland";"Rural population (% of total population)";"SP.RUR.TOTL.ZS";38,284;38,239;38,213;38,324;38,436;38,548;38,659;38,771;38,884;38,996;39,108
"8944";"Poland";"School enrollment, tertiary (% gross)";"SE.TER.ENRR";50,4932289123535;55,5158882141113;58,2222785949707;59,4622192382813;60,7132415771484;63,0049514770508;64,6057815551758;66,150260925293;68,8904266357422;70,7998199462891;73,1728515625
"8957";"Poland";"Unemployment, female (% of female labor force)";"SL.UEM.TOTL.FE.ZS";18;19,7000007629395;20,7000007629395;20,2999992370605;19,8999996185303;19,1000003814697;14,8999996185303;10,3000001907349;7,90000009536743;8,69999980926514;10
"8958";"Poland";"Unemployment, male (% of male labor force)";"SL.UEM.TOTL.MA.ZS";14,5;16,8999996185303;19,2000007629395;19;18,2000007629395;16,6000003814697;12,8999996185303;9;6,40000009536743;7,80000019073486;9,30000019073486
"8959";"Poland";"Unemployment, total (% of total labor force)";"SL.UEM.TOTL.ZS";16,1000003814697;18,2000007629395;19,8999996185303;19,6000003814697;19;17,7000007629395;13,8000001907349;9,60000038146973;7,09999990463257;8,19999980926514;9,60000038146973
"8962";"Poland";"Urban population (% of total)";"SP.URB.TOTL.IN.ZS";61,716;61,761;61,787;61,676;61,564;61,452;61,341;61,229;61,116;61,004;60,892
"9087";"Portugal";"Female population 80+";"SP.POP.80UP.FE";229901;238240;246104;253271;259554;265105;276017;288646;303165;318997;335212
"9092";"Portugal";"Health expenditure, private (% of GDP)";"SH.XPD.PRIV.ZS";2,94809922843194;2,87005945168488;2,69225289748071;2,97672386812083;2,9442967070527;2,98654355385564;3,08919408005865;3,11282418513932;3,22465151287095;3,25792740944192;3,26523510939141
"9094";"Portugal";"Health expenditure, public (% of GDP)";"SH.XPD.PUBL.ZS";6,19327948156806;6,23314424831511;6,46240519251929;6,56429570187917;6,89340008294731;6,98992893614436;6,58346019994135;6,50671263486069;6,67403727712905;7,16052145055809;7,17149244060859
"9099";"Portugal";"Hospital beds (per 1,000 people)";"SH.MED.BEDS.ZS";3,7999999523;3,7000000477;3,5999999046;NA;3,7;3,7;3,5;NA;3,4;3,3;3,35
"9165";"Portugal";"Net migration";"SM.POP.NETM";NA;NA;178353;NA;NA;NA;NA;127025;NA;NA;NA
"9268";"Portugal";"Public spending on education, total (% of GDP)";"SE.XPD.TOTL.GD.ZS";5,16177988052368;5,33505010604858;5,25588989257813;5,27827978134155;5,04229021072388;5,07074022293091;4,90801000595093;4,92190980911255;4,70211982727051;5,56215000152588;5,4028902053833
"9274";"Portugal";"Rural population (% of total population)";"SP.RUR.TOTL.ZS";45,601;44,956;44,334;43,713;43,093;42,478;41,863;41,251;40,641;40,036;39,433
"9289";"Portugal";"School enrollment, tertiary (% gross)";"SE.TER.ENRR";48,0735015869141;50,8196411132813;53,0612487792969;54,9695816040039;55,7467918395996;55,5000801086426;55,4411392211914;57,8427810668945;61,6633110046387;62,6935195922852;65,6602096557617
"9302";"Portugal";"Unemployment, female (% of female labor force)";"SL.UEM.TOTL.FE.ZS";4,80000019073486;5;6;7,19999980926514;7,69999980926514;8,69999980926514;9;9,60000038146973;8,80000019073486;10,1999998092651;12
"9303";"Portugal";"Unemployment, male (% of male labor force)";"SL.UEM.TOTL.MA.ZS";3,09999990463257;3,09999990463257;4,09999990463257;5,5;5,90000009536743;6,69999980926514;6,5;6,59999990463257;6,5;8,89999961853027;9,80000019073486
"9304";"Portugal";"Unemployment, total (% of total labor force)";"SL.UEM.TOTL.ZS";3,90000009536743;4;5;6,30000019073486;6,69999980926514;7,59999990463257;7,69999980926514;8;7,59999990463257;9,5;10,8000001907349
"9307";"Portugal";"Urban population (% of total)";"SP.URB.TOTL.IN.ZS";54,399;55,044;55,666;56,287;56,907;57,522;58,137;58,749;59,359;59,964;60,567
"9432";"Slovenia";"Female population 80+";"SP.POP.80UP.FE";32608;34765;37646;40855;43860;46380;49371;52237;54589;57148;59449
"9437";"Slovenia";"Health expenditure, private (% of GDP)";"SH.XPD.PRIV.ZS";2,14783175350344;2,28862166531905;2,29530884285442;2,45319206370087;2,24331687769343;2,28312217373725;2,29549685858698;2,20931444053153;2,1743070087643;2,45407902772381;2,33997226969869
"9439";"Slovenia";"Health expenditure, public (% of GDP)";"SH.XPD.PUBL.ZS";6,11633280649656;6,28050219468095;6,32476385022352;6,3141208885185;6,22190452856432;6,21273331305389;6,12238299141302;5,77392957374747;6,29126391795286;6,92463368227618;6,72862594030131
"9444";"Slovenia";"Hospital beds (per 1,000 people)";"SH.MED.BEDS.ZS";5,4299998283;5,1599998474;NA;5;NA;4,8;4,8;4,7;4,7;4,6;4,57
"9510";"Slovenia";"Net migration";"SM.POP.NETM";NA;NA;14998;NA;NA;NA;NA;49624;NA;NA;NA
"9613";"Slovenia";"Public spending on education, total (% of GDP)";"SE.XPD.TOTL.GD.ZS";NA;5,75709009170532;5,65511989593506;5,6912899017334;5,63517999649048;5,58240985870361;5,57559013366699;5,10509014129639;5,10609006881714;5,56859016418457;5,56251001358032
"9619";"Slovenia";"Rural population (% of total population)";"SP.RUR.TOTL.ZS";49,248;49,22;49,223;49,315;49,407;49,499;49,591;49,683;49,776;49,867;49,96
"9634";"Slovenia";"School enrollment, tertiary (% gross)";"SE.TER.ENRR";55,209659576416;60,4455413818359;66,2991333007813;69,0105972290039;72,4072189331055;79,2828216552734;82,5707626342773;84,4426574707031;85,1747512817383;85,8340225219727;88,2660675048828
"9647";"Slovenia";"Unemployment, female (% of female labor force)";"SL.UEM.TOTL.FE.ZS";7,09999990463257;6;6,80000019073486;7,09999990463257;6,80000019073486;7;7,30000019073486;5,80000019073486;4,90000009536743;5,90000009536743;7
"9648";"Slovenia";"Unemployment, male (% of male labor force)";"SL.UEM.TOTL.MA.ZS";6,80000019073486;5,40000009536743;5,90000009536743;6,40000009536743;5,90000009536743;6,09999990463257;4,90000009536743;3,90000009536743;4;5,90000009536743;7,30000019073486
"9649";"Slovenia";"Unemployment, total (% of total labor force)";"SL.UEM.TOTL.ZS";6,90000009536743;5,69999980926514;6,30000019073486;6,69999980926514;6,30000019073486;6,5;6;4,80000019073486;4,40000009536743;5,90000009536743;7,19999980926514
"9652";"Slovenia";"Urban population (% of total)";"SP.URB.TOTL.IN.ZS";50,752;50,78;50,777;50,685;50,593;50,501;50,409;50,317;50,224;50,133;50,04
"9777";"Spain";"Female population 80+";"SP.POP.80UP.FE";1001061;1034353;1073891;1117324;1160933;1204206;1260412;1319928;1378135;1430160;1481201
"9782";"Spain";"Health expenditure, private (% of GDP)";"SH.XPD.PRIV.ZS";2,04729586999547;2,08583518161167;2,0814745939972;2,26026657415076;2,24776015143339;2,24318113606647;2,22726871392523;2,25883229573755;2,29210853581108;2,31164122570485;2,38249877548676
"9784";"Spain";"Health expenditure, public (% of GDP)";"SH.XPD.PUBL.ZS";5,16745964000453;5,15573848838833;5,1689360960028;5,72787554584924;5,79793600983058;5,87580310393353;6,00532063677714;6,09879014426245;6,51285614418893;7,20975995429515;7,17324211451324
"9789";"Spain";"Hospital beds (per 1,000 people)";"SH.MED.BEDS.ZS";4,0999999046;3,9000000954;3,9000000954;3,5;NA;3,4;3,4;NA;3,2;3,2;3,16
"9855";"Spain";"Net migration";"SM.POP.NETM";NA;NA;2829228;NA;NA;NA;NA;2250005;NA;NA;NA
"9958";"Spain";"Public spending on education, total (% of GDP)";"SE.XPD.TOTL.GD.ZS";4,17637014389038;4,11988019943237;4,13603019714355;4,16717004776001;4,14829015731812;4,13003015518188;4,16760015487671;4,23331022262573;4,50099992752075;4,86780977249146;4,8192400932312
"9964";"Spain";"Rural population (% of total population)";"SP.RUR.TOTL.ZS";23,738;23,657;23,467;23,222;22,978;22,737;22,498;22,26;22,024;21,79;21,558
"9979";"Spain";"School enrollment, tertiary (% gross)";"SE.TER.ENRR";57,8113899230957;59,8696594238281;61,6868896484375;64,0854721069336;66,2270126342773;67,3013687133789;68,6917037963867;69,7044906616211;71,3302383422852;73,7283782958984;78,6702880859375
"9992";"Spain";"Unemployment, female (% of female labor force)";"SL.UEM.TOTL.FE.ZS";21;15,5;16,7000007629395;16,2000007629395;15,3000001907349;12,3999996185303;11,8000001907349;11,1000003814697;13,1999998092651;18,5;20,7000007629395
"9993";"Spain";"Unemployment, male (% of male labor force)";"SL.UEM.TOTL.MA.ZS";9,80000019073486;7,59999990463257;8,19999980926514;8,30000019073486;8,30000019073486;7,19999980926514;6,40000009536743;6,5;10,1999998092651;17,7999992370605;19,8999996185303
"9994";"Spain";"Unemployment, total (% of total labor force)";"SL.UEM.TOTL.ZS";14,1999998092651;10,6999998092651;11,6000003814697;11,5;11,1999998092651;9,30000019073486;8,60000038146973;8,39999961853027;11,5;18,1000003814697;20,2000007629395
"9997";"Spain";"Urban population (% of total)";"SP.URB.TOTL.IN.ZS";76,262;76,343;76,533;76,778;77,022;77,263;77,502;77,74;77,976;78,21;78,442
"10122";"Sweden";"Female population 80+";"SP.POP.80UP.FE";288376;294921;300688;305452;308695;310072;312334;314103;314886;314572;312962
"10127";"Sweden";"Health expenditure, private (% of GDP)";"SH.XPD.PRIV.ZS";1,23591503140332;1,67125202078037;1,71421205278147;1,67517595218384;1,69277444163124;1,70735274277913;1,68848149745171;1,66243444645988;1,70678958355738;1,83840504316077;1,75045565085709
"10129";"Sweden";"Health expenditure, public (% of GDP)";"SH.XPD.PUBL.ZS";6,94369808859668;7,18824025921963;7,51394441721853;7,63485871781615;7,39519653836876;7,35415030722087;7,25951611254829;7,25478868354012;7,52156463644262;8,10054768683923;7,71831032914291
"10134";"Sweden";"Hospital beds (per 1,000 people)";"SH.MED.BEDS.ZS";3,5999999046;NA;NA;NA;NA;NA;NA;NA;NA;2,8;2,73
"10200";"Sweden";"Net migration";"SM.POP.NETM";NA;NA;141723;NA;NA;NA;NA;262453;NA;NA;NA
"10303";"Sweden";"Public spending on education, total (% of GDP)";"SE.XPD.TOTL.GD.ZS";6,81884002685547;6,68600988388062;7,00102996826172;6,85762977600098;6,72267007827759;6,55951023101807;6,41067981719971;6,21506977081299;6,39071989059448;6,85778999328613;6,62200021743774
"10309";"Sweden";"Rural population (% of total population)";"SP.RUR.TOTL.ZS";15,974;15,929;15,867;15,804;15,742;15,681;15,57;15,412;15,254;15,098;14,944
"10324";"Sweden";"School enrollment, tertiary (% gross)";"SE.TER.ENRR";67,1056823730469;70,2963485717773;75,3046264648438;81,4386291503906;83,7803268432617;81,9747772216797;79,3468475341797;74,9761199951172;71,1238632202148;71,4518814086914;74,6841278076172
"10337";"Sweden";"Unemployment, female (% of female labor force)";"SL.UEM.TOTL.FE.ZS";5,5;4,69999980926514;4,80000019073486;5,30000019073486;6,19999980926514;7,69999980926514;7,30000019073486;6,5;6,59999990463257;8;8,60000038146973
"10338";"Sweden";"Unemployment, male (% of male labor force)";"SL.UEM.TOTL.MA.ZS";6,30000019073486;5,40000009536743;5,69999980926514;6,40000009536743;6,90000009536743;7,90000009536743;6,90000009536743;5,90000009536743;6;8,60000038146973;8,69999980926514
"10339";"Sweden";"Unemployment, total (% of total labor force)";"SL.UEM.TOTL.ZS";5,90000009536743;5,09999990463257;5,30000019073486;5,90000009536743;6,59999990463257;7,80000019073486;7,09999990463257;6,19999980926514;6,30000019073486;8,39999961853027;8,69999980926514
"10342";"Sweden";"Urban population (% of total)";"SP.URB.TOTL.IN.ZS";84,026;84,071;84,133;84,196;84,258;84,319;84,43;84,588;84,746;84,902;85,056
"10467";"Switzerland";"Female population 80+";"SP.POP.80UP.FE";193081;197043;201921;207089;211775;215572;220553;226287;232959;239483;245349
"10472";"Switzerland";"Health expenditure, private (% of GDP)";"SH.XPD.PRIV.ZS";4,41587432129044;4,42872760309297;4,48279192485206;4,55416154416221;4,56089157321936;4,40353636548077;4,24598420183623;4,17743829399927;3,58521196853273;3,79082371718032;3,86373323274828
"10474";"Switzerland";"Health expenditure, public (% of GDP)";"SH.XPD.PUBL.ZS";5,49217583870956;5,85294630690704;6,12377943514794;6,37975145583779;6,40031135678065;6,45940567451923;6,1417378484271;6,03241843079913;6,70373863146727;7,20971487281968;7,09727006022569
"10479";"Switzerland";"Hospital beds (per 1,000 people)";"SH.MED.BEDS.ZS";NA;NA;6;NA;5,7;5,5;NA;NA;5,3;5,2;4,97
"10545";"Switzerland";"Net migration";"SM.POP.NETM";NA;NA;186125;NA;NA;NA;NA;344872;NA;NA;NA
"10648";"Switzerland";"Public spending on education, total (% of GDP)";"SE.XPD.TOTL.GD.ZS";4,78836011886597;4,95984983444214;5,31937980651855;5,53839015960693;5,4543399810791;5,2188401222229;4,98153018951416;4,71197986602783;4,89284992218018;5,05966997146606;4,94786977767944
"10654";"Switzerland";"Rural population (% of total population)";"SP.RUR.TOTL.ZS";26,678;26,678;26,64;26,602;26,564;26,526;26,488;26,45;26,412;26,375;26,337
"10669";"Switzerland";"School enrollment, tertiary (% gross)";"SE.TER.ENRR";37,6938095092773;39,6812782287598;40,8505592346191;43,9404983520508;45,5063095092773;45,714599609375;46,4449081420898;47,1352195739746;48,7118301391602;50,0146713256836;52,7927398681641
"10682";"Switzerland";"Unemployment, female (% of female labor force)";"SL.UEM.TOTL.FE.ZS";3,09999990463257;3,5;3,09999990463257;4,5;4,80000019073486;5;4,69999980926514;4,5;4;4,5;4,90000009536743
"10683";"Switzerland";"Unemployment, male (% of male labor force)";"SL.UEM.TOTL.MA.ZS";2,40000009536743;1,70000004768372;2,70000004768372;3,79999995231628;3,90000009536743;3,90000009536743;3,40000009536743;2,90000009536743;2,79999995231628;3,70000004768372;4,09999990463257
"10684";"Switzerland";"Unemployment, total (% of total labor force)";"SL.UEM.TOTL.ZS";2,70000004768372;2,5;2,90000009536743;4,09999990463257;4,30000019073486;4,40000009536743;4;3,59999990463257;3,40000009536743;4,09999990463257;4,5
"10687";"Switzerland";"Urban population (% of total)";"SP.URB.TOTL.IN.ZS";73,322;73,322;73,36;73,398;73,436;73,474;73,512;73,55;73,588;73,625;73,663
"10812";"Turkey";"Female population 80+";"SP.POP.80UP.FE";322380;337598;352540;367280;382166;397708;428196;457710;486418;515519;546177
"10817";"Turkey";"Health expenditure, private (% of GDP)";"SH.XPD.PRIV.ZS";1,83474523338735;1,64762834393409;1,57043521477591;1,49896437169738;1,54409489160447;1,75241866155487;1,83981659178883;1,94193770494236;1,63907823340856;1,1569892332479;1,20094717064403
"10819";"Turkey";"Health expenditure, public (% of GDP)";"SH.XPD.PUBL.ZS";3,11423964661265;3,51255380606591;3,78627821522409;3,83965319830262;3,82607108839553;3,69638290844513;3,97103966821117;4,09521857505764;4,43529520208843;4,9225319967521;4,41227043935597
"10824";"Turkey";"Hospital beds (per 1,000 people)";"SH.MED.BEDS.ZS";2,5999999046;2,5999999046;2,5999999046;2,5999999046;2,6;2,6;2,7;2,8;2,4;2,5;2,5
"10890";"Turkey";"Net migration";"SM.POP.NETM";NA;NA;-100002;NA;NA;NA;NA;-50000;NA;NA;NA
"10993";"Turkey";"Public spending on education, total (% of GDP)";"SE.XPD.TOTL.GD.ZS";2,58992004394531;2,71184992790222;2,81860995292664;2,96034002304077;3,11738991737366;NA;2,86246991157532;NA;NA;NA;NA
"10999";"Turkey";"Rural population (% of total population)";"SP.RUR.TOTL.ZS";35,259;34,668;34,047;33,431;32,82;32,217;31,618;31,025;30,438;29,859;29,285
"11014";"Turkey";"School enrollment, tertiary (% gross)";"SE.TER.ENRR";NA;25,2607307434082;26,2002201080322;29,8329601287842;30,6276893615723;32,7532005310059;36,5789909362793;38,480640411377;39,9281806945801;46,2138404846191;55,9990615844727
"11027";"Turkey";"Unemployment, female (% of female labor force)";"SL.UEM.TOTL.FE.ZS";6,09999990463257;7,30000019073486;9,30000019073486;9,80000019073486;10,6999998092651;10,8999996185303;10,8999996185303;10,8000001907349;11,3999996185303;14,1000003814697;12,8000001907349
"11028";"Turkey";"Unemployment, male (% of male labor force)";"SL.UEM.TOTL.MA.ZS";6,69999980926514;8,80000019073486;10,8000001907349;10,8000001907349;10,8000001907349;10,5;10;10,1000003814697;10,8000001907349;14;11,5
"11029";"Turkey";"Unemployment, total (% of total labor force)";"SL.UEM.TOTL.ZS";6,5;8,39999961853027;10,3999996185303;10,5;10,8000001907349;10,6000003814697;10,1999998092651;10,3000001907349;11;14;11,8999996185303
"11032";"Turkey";"Urban population (% of total)";"SP.URB.TOTL.IN.ZS";64,741;65,332;65,953;66,569;67,18;67,783;68,382;68,975;69,562;70,141;70,715
"11157";"United Kingdom";"Female population 80+";"SP.POP.80UP.FE";1604926;1638348;1672834;1704180;1726895;1737906;1770076;1790948;1799785;1798357;1791269
"11162";"United Kingdom";"Health expenditure, private (% of GDP)";"SH.XPD.PRIV.ZS";1,41734423705739;1,54490780897996;1,5279992061166;1,60254584923051;1,49647283331961;1,57702419591618;1,53666255901752;1,62165745212941;1,63074400734215;1,64705787205652;1,56535339952962
"11164";"United Kingdom";"Health expenditure, public (% of GDP)";"SH.XPD.PUBL.ZS";5,52346736571893;5,76594988540655;6,0400162061538;6,20956799998828;6,4824299758825;6,6583449191426;6,82659841098248;6,79448109618736;7,22015292265785;8,16289805598149;7,94167603047038
"11169";"United Kingdom";"Hospital beds (per 1,000 people)";"SH.MED.BEDS.ZS";4,1999998093;4,1999998093;4,1999998093;4,1999998093;3,9;NA;NA;NA;3,4;3,3;2,98
"11235";"United Kingdom";"Net migration";"SM.POP.NETM";NA;NA;968350;NA;NA;NA;NA;1523939;NA;NA;NA
"11338";"United Kingdom";"Public spending on education, total (% of GDP)";"SE.XPD.TOTL.GD.ZS";4,33245992660522;4,39214992523193;4,95388984680176;5,10266017913818;5,00706005096436;5,19500017166138;5,23206996917725;5,153480052948;5,10941982269287;5,30916976928711;5,94059991836548
"11344";"United Kingdom";"Rural population (% of total population)";"SP.RUR.TOTL.ZS";21,349;21,249;20,953;20,661;20,371;20,085;19,801;19,521;19,243;18,969;18,698
"11359";"United Kingdom";"School enrollment, tertiary (% gross)";"SE.TER.ENRR";58,524341583252;59,3087196350098;62,6015701293945;62,0863494873047;59,3634414672852;59,0009918212891;59,1266899108887;58,6520004272461;56,8740081787109;58,1534194946289;59,0669593811035
"11372";"United Kingdom";"Unemployment, female (% of female labor force)";"SL.UEM.TOTL.FE.ZS";4,90000009536743;4,19999980926514;4,5;4,09999990463257;4,30000019073486;4,30000019073486;5;5;4,90000009536743;6,5;6,80000019073486
"11373";"United Kingdom";"Unemployment, male (% of male labor force)";"SL.UEM.TOTL.MA.ZS";6,19999980926514;5,30000019073486;5,80000019073486;5,5;5;5,19999980926514;5,90000009536743;5,69999980926514;5,80000019073486;8,80000019073486;8,69999980926514
"11374";"United Kingdom";"Unemployment, total (% of total labor force)";"SL.UEM.TOTL.ZS";5,59999990463257;4,80000019073486;5,19999980926514;4,90000009536743;4,69999980926514;4,80000019073486;5,5;5,40000009536743;5,40000009536743;7,80000019073486;7,90000009536743
"11377";"United Kingdom";"Urban population (% of total)";"SP.URB.TOTL.IN.ZS";78,651;78,751;79,047;79,339;79,629;79,915;80,199;80,479;80,757;81,031;81,302
"11502";"United States";"Female population 80+";"SP.POP.80UP.FE";6021196;6173519;6303279;6399490;6465950;6504087;6651567;6792131;6924007;7030132;7100076
"11507";"United States";"Health expenditure, private (% of GDP)";"SH.XPD.PRIV.ZS";7,41636743176278;7,65466458374475;8,12546447437143;8,43983017305191;8,43756476795218;8,43137392428268;8,38751006142117;8,54968369953284;8,65473318094899;8,98459289470263;8,93697376495718
"11509";"United States";"Health expenditure, public (% of GDP)";"SH.XPD.PUBL.ZS";5,65347101823722;6,07409800625526;6,42394079562857;6,6188675369481;6,69810038957199;6,72260897810609;6,88253253857883;7,01636006046715;7,36788367263768;8,01454967529736;8,07978443504282
"11514";"United States";"Hospital beds (per 1,000 people)";"SH.MED.BEDS.ZS";3,5;3,5;3,4000000954;3,3;NA;3,2;3,1;3,1;3,1;3;3
"11580";"United States";"Net migration";"SM.POP.NETM";NA;NA;5149157;NA;NA;NA;NA;5070253;NA;NA;NA
"11683";"United States";"Public spending on education, total (% of GDP)";"SE.XPD.TOTL.GD.ZS";NA;5,45783996582031;5,40620994567871;5,5655198097229;5,30921983718872;5,07365989685059;5,3888201713562;5,24649000167847;5,30354976654053;5,24957990646362;5,42003011703491
"11689";"United States";"Rural population (% of total population)";"SP.RUR.TOTL.ZS";20,943;20,766;20,591;20,417;20,243;20,072;19,901;19,731;19,562;19,394;19,228
"11704";"United States";"School enrollment, tertiary (% gross)";"SE.TER.ENRR";68,1363067626953;68,9801330566406;79,3329620361328;81,3132400512695;81,4635620117188;82,0844421386719;82,0530014038086;83,0310592651367;85,0068206787109;88,5817413330078;94,2280120849609
"11717";"United States";"Unemployment, female (% of female labor force)";"SL.UEM.TOTL.FE.ZS";4,19999980926514;4,69999980926514;5,69999980926514;5,69999980926514;5,5;5,19999980926514;4,69999980926514;4,5;5,5;8,10000038146973;8,60000038146973
"11718";"United States";"Unemployment, male (% of male labor force)";"SL.UEM.TOTL.MA.ZS";4;4,90000009536743;6;6,40000009536743;5,69999980926514;5,19999980926514;4,69999980926514;4,80000019073486;6,30000019073486;10,3999996185303;10,6000003814697
"11719";"United States";"Unemployment, total (% of total labor force)";"SL.UEM.TOTL.ZS";4,09999990463257;4,80000019073486;5,90000009536743;6,09999990463257;5,59999990463257;5,19999980926514;4,69999980926514;4,69999980926514;5,90000009536743;9,39999961853027;9,69999980926514
"11722";"United States";"Urban population (% of total)";"SP.URB.TOTL.IN.ZS";79,057;79,234;79,409;79,583;79,757;79,928;80,099;80,269;80,438;80,606;80,772
